Date,Report Week,Colombo,Gampaha,Kalutara,Kandy,Matale,NuwaraEliya,Galle,Hambantota,Matara,Jaffna,Kilinochchi,Mannar,Vavuniya,Mullaitivu,Batticaloa,Ampara,Trincomalee,Kurunegala,Puttalam,Anuradhapura,Polonnaruwa,Badulla,Monaragala,Ratnapura,Kegalle,Kalmunai,SRILANKA
2007-01-02 12:00:00,2007wk02,40,11,20,41,2,4,10,1,8,0,0,2,3,0,0,0,2,11,13,0,4,0,0,5,4,0,181
2007-01-09 12:00:00,2007wk03,43,13,7,28,7,2,4,2,8,0,0,0,0,0,0,0,1,17,9,0,0,2,1,3,16,0,163
2007-01-16 12:00:00,2007wk04,38,16,6,14,7,2,4,1,4,0,0,2,0,0,0,0,2,10,11,0,2,2,1,2,7,0,131
2007-01-23 12:00:00,2007wk05,52,12,15,17,4,3,3,1,4,0,0,0,2,0,0,0,2,6,8,2,2,1,3,2,5,0,144
2007-01-30 12:00:00,2007wk06,69,12,12,16,4,1,4,1,6,0,0,0,0,0,1,0,1,6,2,2,1,1,0,3,2,0,144
2007-02-06 12:00:00,2007wk07,36,19,8,10,2,0,4,2,2,0,0,1,2,0,0,0,1,8,4,1,0,1,0,4,3,0,108
2007-02-13 12:00:00,2007wk08,42,5,3,5,4,0,0,2,2,0,0,0,0,0,0,0,0,2,2,1,2,1,0,2,2,0,75
2007-02-20 12:00:00,2007wk09,28,8,7,5,0,0,4,1,2,0,0,0,2,0,1,0,1,4,3,1,1,0,0,2,2,0,72
2007-02-27 12:00:00,2007wk10,20,5,5,7,1,0,1,1,3,0,0,0,0,0,1,1,0,8,2,0,1,1,0,1,1,0,59
2007-03-06 12:00:00,2007wk11,19,8,8,7,1,0,2,0,2,0,0,0,0,0,0,0,5,6,1,2,1,1,0,4,8,0,75
2007-03-13 12:00:00,2007wk12,11,9,4,3,1,1,1,3,2,0,0,0,0,0,1,0,0,11,2,1,1,1,0,6,3,0,61
2007-03-20 12:00:00,2007wk13,11,4,5,4,1,0,0,1,1,0,0,0,0,0,1,0,0,0,0,1,0,1,1,3,1,0,35
2007-03-27 12:00:00,2007wk14,3,1,2,2,0,0,1,1,3,0,0,0,0,0,1,0,0,6,0,0,0,0,0,0,2,0,22
2007-04-03 12:00:00,2007wk15,10,2,5,7,0,0,0,3,0,0,0,0,0,0,0,0,0,6,1,1,1,1,0,0,1,0,38
2007-04-10 12:00:00,2007wk16,7,3,1,3,1,0,0,0,1,0,0,0,0,0,5,0,1,5,0,1,0,0,0,3,0,0,31
2007-04-17 12:00:00,2007wk17,10,8,1,1,0,0,0,2,0,0,0,0,0,0,5,0,3,2,1,1,6,0,0,3,2,0,45
2007-04-24 12:00:00,2007wk18,5,2,3,3,0,0,0,0,5,0,0,0,0,0,1,0,0,3,1,1,3,0,0,0,0,0,27
2007-05-01 12:00:00,2007wk19,11,2,1,2,0,0,0,0,2,0,0,0,0,0,6,0,1,3,0,1,0,0,1,3,1,0,34
2007-05-08 12:00:00,2007wk20,15,3,8,1,0,1,0,1,2,0,0,0,0,0,5,0,0,3,1,4,0,0,1,4,6,0,55
2007-05-15 12:00:00,2007wk21,12,5,3,1,0,3,0,1,1,0,0,0,0,0,2,0,0,5,3,3,0,1,0,3,4,0,47
2007-05-22 12:00:00,2007wk22,6,7,1,3,2,3,2,0,3,0,0,0,0,0,7,0,0,1,1,0,0,2,1,2,1,0,42
2007-05-29 12:00:00,2007wk23,16,4,2,3,0,1,2,0,2,0,0,0,0,0,6,0,0,5,0,5,0,1,1,2,11,0,61
2007-06-05 12:00:00,2007wk24,18,11,5,4,1,0,0,0,4,0,0,0,0,0,6,0,1,8,3,10,1,0,0,2,5,1,80
2007-06-12 12:00:00,2007wk25,28,10,4,9,2,0,1,2,1,0,0,0,0,0,0,1,2,14,2,7,1,0,0,3,8,0,95
2007-06-19 12:00:00,2007wk26,40,10,11,4,0,0,1,1,2,0,0,0,0,0,3,1,1,14,1,6,4,1,0,9,9,0,118
2007-06-26 12:00:00,2007wk27,26,3,4,3,1,0,2,0,4,0,0,0,1,0,0,0,1,18,0,7,0,0,1,5,5,0,81
2007-07-03 12:00:00,2007wk28,31,6,10,2,0,0,1,1,5,0,0,0,1,0,0,0,1,21,0,19,0,2,0,6,4,0,110
2007-07-10 12:00:00,2007wk29,36,4,6,14,3,2,2,3,3,0,0,0,0,0,0,0,4,25,2,8,0,1,0,12,4,0,129
2007-07-17 12:00:00,2007wk30,25,19,6,7,0,2,1,1,1,0,0,0,0,0,1,0,1,16,0,7,0,1,5,5,3,0,101
2007-07-24 12:00:00,2007wk31,45,5,13,3,1,0,0,0,4,0,0,0,0,0,3,0,0,34,4,7,2,4,0,19,3,0,147
2007-07-31 12:00:00,2007wk32,23,4,4,8,3,1,2,1,3,0,0,0,0,0,0,0,1,18,2,5,0,1,2,14,5,0,97
2007-08-07 12:00:00,2007wk33,25,21,10,7,1,0,4,2,2,0,0,0,0,0,2,0,0,8,0,0,1,3,0,20,4,0,110
2007-08-14 12:00:00,2007wk34,33,7,9,4,4,0,0,4,4,0,0,0,0,0,2,0,1,13,2,0,3,1,4,5,1,0,97
2007-08-21 12:00:00,2007wk35,47,18,10,2,0,0,1,1,1,0,0,0,0,0,0,0,0,13,6,0,1,1,3,3,8,0,115
2007-08-28 12:00:00,2007wk36,20,11,5,3,2,3,2,5,3,0,0,0,1,0,0,0,0,4,1,2,1,3,3,6,3,0,78
2007-09-04 12:00:00,2007wk37,54,17,14,6,1,1,1,2,5,0,0,0,2,0,1,0,0,32,3,5,1,1,2,14,4,0,166
2007-09-11 12:00:00,2007wk38,34,28,13,6,1,0,5,3,5,4,0,0,2,0,0,0,0,20,5,5,2,7,1,11,7,0,159
2007-09-18 12:00:00,2007wk39,50,22,14,3,0,0,1,4,8,0,0,0,0,0,1,0,0,20,2,10,0,1,2,7,15,0,160
2007-09-25 12:00:00,2007wk40,23,7,3,4,0,0,0,1,5,4,0,0,0,0,0,0,0,4,2,1,1,3,0,14,20,0,92
2007-10-02 12:00:00,2007wk41,34,23,4,8,4,0,1,3,10,16,0,0,2,0,1,0,0,22,11,5,1,5,1,13,21,0,185
2007-10-09 12:00:00,2007wk42,41,18,6,8,1,0,1,1,5,18,0,0,1,0,0,0,0,26,3,3,1,0,3,12,9,0,157
2007-10-16 12:00:00,2007wk43,23,11,5,4,0,1,2,5,3,20,0,0,3,0,0,0,0,22,4,3,1,2,0,1,21,0,131
2007-10-23 12:00:00,2007wk44,57,26,5,5,1,0,3,0,8,0,0,0,1,0,0,0,0,10,8,10,0,2,0,5,7,0,148
2007-10-30 12:00:00,2007wk45,48,27,15,10,2,1,1,7,7,8,0,0,0,0,1,0,0,27,1,2,0,1,2,9,0,0,169
2007-11-06 12:00:00,2007wk46,44,30,17,6,1,0,0,4,8,11,0,0,0,0,0,1,0,12,9,7,1,3,2,3,17,0,176
2007-11-13 12:00:00,2007wk47,54,38,9,8,3,0,4,2,13,4,0,0,0,0,0,0,0,32,23,7,1,2,1,5,6,1,213
2007-11-20 12:00:00,2007wk48,49,41,14,5,1,0,1,3,10,8,0,0,2,0,0,0,4,7,31,1,3,0,0,9,13,0,202
2007-11-27 12:00:00,2007wk49,44,33,9,6,3,0,3,0,9,7,0,0,4,0,0,0,0,12,19,4,1,2,2,10,3,0,171
2007-12-04 12:00:00,2007wk50,71,32,11,8,8,1,2,1,11,0,0,0,3,0,0,0,1,23,31,6,2,6,0,5,13,0,235
2007-12-11 12:00:00,2007wk51,80,33,10,7,4,2,1,5,6,10,0,0,2,0,1,1,0,22,15,12,0,1,2,9,12,1,236
2007-12-18 12:00:00,2007wk52,44,31,10,4,1,1,3,2,4,2,0,0,0,0,1,0,1,21,54,18,2,3,3,7,9,0,221
2007-12-25 12:00:00,2008wk01,40,30,16,6,3,0,1,4,3,5,0,0,1,0,0,0,1,18,31,18,1,5,3,4,0,0,190
2008-01-01 12:00:00,2008wk02,49,44,13,7,3,0,6,1,10,0,0,0,3,0,0,0,1,16,15,14,4,1,0,3,10,0,200
2008-01-08 12:00:00,2008wk03,44,24,5,4,1,0,6,1,6,0,0,0,0,0,0,0,2,15,5,3,4,3,1,5,7,0,136
2008-01-15 12:00:00,2008wk04,23,24,12,2,2,0,3,3,7,2,0,0,2,0,0,0,1,12,10,8,2,2,0,3,7,0,125
2008-01-22 12:00:00,2008wk05,38,15,18,4,2,0,5,8,5,0,0,0,2,0,8,0,14,12,12,3,3,1,1,2,2,0,155
2008-01-29 12:00:00,2008wk06,38,24,10,5,1,2,0,6,10,0,0,0,2,0,9,2,6,7,1,5,0,3,1,2,5,0,139
2008-02-05 12:00:00,2008wk07,35,24,17,5,1,0,0,5,2,0,0,0,0,0,5,2,9,2,7,7,2,0,1,14,6,1,145
2008-02-12 12:00:00,2008wk08,36,13,18,3,2,1,2,3,5,1,0,5,0,0,5,1,20,6,10,2,2,1,2,7,4,1,150
2008-02-19 12:00:00,2008wk09,34,13,7,9,3,1,0,4,9,0,0,2,0,0,2,0,19,10,23,5,3,0,1,2,9,0,156
2008-02-26 12:00:00,2008wk10,29,16,12,3,3,0,4,5,3,2,0,0,1,0,1,0,14,2,14,7,1,0,2,4,8,0,131
2008-03-04 12:00:00,2008wk11,25,14,9,6,2,0,2,1,3,0,0,2,0,0,6,0,6,6,16,9,2,2,0,4,8,1,124
2008-03-11 12:00:00,2008wk12,26,12,11,8,1,0,2,0,7,0,0,0,0,0,3,0,0,3,13,4,2,0,2,2,8,1,105
2008-03-18 12:00:00,2008wk13,23,14,11,3,2,0,4,0,4,0,0,0,0,0,0,0,11,12,9,1,0,1,1,1,6,0,103
2008-03-25 12:00:00,2008wk14,54,15,7,3,2,1,0,1,3,0,0,3,0,0,3,0,8,16,13,3,1,2,2,4,9,4,154
2008-04-01 12:00:00,2008wk15,41,31,12,7,3,0,3,2,3,2,0,0,0,0,7,0,11,7,7,3,3,1,1,1,9,1,155
2008-04-08 12:00:00,2008wk16,14,12,14,3,2,0,0,2,6,2,0,0,0,0,1,0,5,3,8,1,0,0,0,0,8,1,82
2008-04-15 12:00:00,2008wk17,26,17,3,2,4,0,1,1,5,0,0,1,0,0,2,0,0,7,8,2,3,4,0,1,12,4,103
2008-04-22 12:00:00,2008wk18,56,23,18,7,4,1,5,2,8,1,0,2,0,0,7,0,5,6,5,5,4,8,2,3,16,1,189
2008-04-29 12:00:00,2008wk19,35,20,8,2,3,1,4,0,2,0,0,0,0,0,0,1,2,3,5,1,0,0,5,4,14,0,110
2008-05-06 12:00:00,2008wk20,43,18,11,3,1,3,1,0,5,0,0,0,0,0,2,0,1,3,9,6,3,2,3,4,9,1,128
2008-05-13 12:00:00,2008wk21,29,8,9,3,0,0,1,1,5,2,0,0,0,0,1,0,1,2,10,0,1,2,0,1,1,1,78
2008-05-20 12:00:00,2008wk22,11,6,11,5,1,1,4,1,3,1,0,0,0,0,1,0,0,3,6,0,2,0,0,4,9,0,69
2008-05-27 12:00:00,2008wk23,23,25,16,5,4,1,0,0,2,1,0,0,0,0,2,0,3,12,4,0,0,2,0,2,17,0,119
2008-06-03 12:00:00,2008wk24,18,21,9,3,1,0,0,1,7,1,0,0,0,0,2,2,4,5,5,0,4,0,2,5,10,0,100
2008-06-10 12:00:00,2008wk25,38,5,11,8,1,1,2,0,6,0,0,0,0,0,1,0,2,3,7,0,0,1,2,1,12,3,104
2008-06-17 12:00:00,2008wk26,36,12,4,1,0,0,2,2,7,0,0,0,0,0,0,0,0,2,0,0,2,1,0,2,13,5,89
2008-06-24 12:00:00,2008wk27,19,9,3,5,3,0,1,0,4,0,0,1,0,0,0,0,1,2,2,1,2,2,0,0,8,0,63
2008-07-01 12:00:00,2008wk28,16,14,6,8,0,0,1,3,3,0,0,0,0,0,1,2,0,5,3,0,0,2,0,34,13,0,111
2008-07-08 12:00:00,2008wk29,41,6,5,4,2,1,3,1,12,0,0,0,0,0,0,2,0,2,4,0,1,4,2,11,6,0,107
2008-07-15 12:00:00,2008wk30,20,17,10,2,4,0,0,3,9,0,0,0,0,0,0,0,0,0,1,0,2,2,0,10,7,0,87
2008-07-22 12:00:00,2008wk31,46,8,7,8,3,1,2,3,10,0,0,0,0,0,0,0,1,8,2,0,0,3,4,6,7,0,119
2008-07-29 12:00:00,2008wk32,42,13,12,7,1,2,4,1,7,0,0,0,1,0,0,0,0,4,2,0,0,1,0,2,12,1,112
2008-08-05 12:00:00,2008wk33,25,23,3,7,2,2,6,2,11,0,0,0,0,0,0,0,1,7,1,0,1,2,0,5,6,1,106
2008-08-12 12:00:00,2008wk34,32,18,7,8,2,0,2,2,7,0,0,0,0,0,0,0,1,3,1,0,0,2,0,4,8,1,98
2008-08-19 12:00:00,2008wk35,24,15,6,7,4,1,1,3,8,0,0,0,0,0,0,0,0,7,0,2,0,3,0,5,3,0,89
2008-08-26 12:00:00,2008wk36,21,19,7,8,1,0,1,1,3,0,0,0,0,0,0,0,0,1,1,0,0,2,2,6,5,0,78
2008-09-02 12:00:00,2008wk37,29,15,12,4,2,0,1,5,9,0,0,0,0,0,0,0,0,7,0,0,2,2,0,5,8,1,102
2008-09-09 12:00:00,2008wk38,11,7,10,7,6,0,1,0,5,0,0,0,0,0,0,0,0,8,2,4,1,2,0,1,13,0,78
2008-09-16 12:00:00,2008wk39,24,9,7,4,14,2,1,6,6,0,0,0,0,0,0,0,0,6,0,0,0,2,1,3,11,1,97
2008-09-23 12:00:00,2008wk40,19,5,3,5,3,0,2,0,1,0,0,0,0,0,0,0,0,3,1,0,0,3,0,1,5,0,51
2008-09-30 12:00:00,2008wk41,23,7,6,5,5,0,1,0,7,1,0,0,1,0,0,0,0,3,0,1,0,0,0,3,12,0,75
2008-10-07 12:00:00,2008wk42,23,11,4,6,7,1,1,0,5,0,0,0,0,0,0,0,0,5,0,0,0,0,1,3,6,0,72
2008-10-14 12:00:00,2008wk43,14,9,5,9,2,2,0,2,11,3,0,0,0,0,1,0,0,2,0,1,0,3,0,0,3,0,67
2008-10-21 12:00:00,2008wk44,14,11,0,10,5,0,1,0,7,0,0,0,0,0,0,0,0,4,0,0,0,1,2,1,3,1,60
2008-10-28 12:00:00,2008wk45,22,10,3,8,0,0,5,0,7,0,0,0,0,0,0,2,1,5,1,0,2,1,0,4,7,0,78
2008-11-04 12:00:00,2008wk46,11,11,4,11,3,1,2,0,5,0,0,0,0,0,0,0,0,8,1,0,0,3,0,10,6,0,76
2008-11-11 12:00:00,2008wk47,20,9,9,6,1,0,0,7,6,0,0,0,0,0,0,0,1,4,1,1,0,2,2,2,5,0,76
2008-11-18 12:00:00,2008wk48,16,5,3,8,7,0,0,2,6,0,0,0,0,0,0,0,2,8,2,0,0,3,0,2,8,1,73
2008-11-25 12:00:00,2008wk49,18,4,5,13,8,0,1,3,8,0,0,0,0,0,0,0,4,4,1,0,0,6,0,4,6,0,85
2008-12-02 12:00:00,2008wk50,20,13,8,6,5,1,3,13,7,0,0,0,0,0,1,0,0,4,0,0,0,0,0,1,14,0,96
2008-12-09 12:00:00,2008wk51,17,7,7,7,4,0,1,9,7,0,0,1,0,0,0,0,0,2,1,0,1,1,0,13,7,0,85
2008-12-16 12:00:00,2008wk52,19,19,9,16,20,1,2,5,20,0,0,4,0,0,1,0,0,6,1,0,0,1,3,6,13,0,146
2008-12-23 12:00:00,2009wk01,15,7,1,11,4,0,0,6,22,0,0,8,0,0,1,0,0,2,1,2,0,1,1,2,16,0,10
2008-12-30 12:00:00,2009wk02,44,23,5,16,21,2,0,5,18,1,0,0,0,0,0,0,1,10,5,0,0,1,0,1,25,1,179
2009-01-06 12:00:00,2009wk03,39,19,11,42,9,1,2,3,18,1,0,0,0,0,0,0,0,10,2,0,0,1,0,2,21,0,181
2009-01-13 12:00:00,2009wk04,57,23,12,28,3,2,1,4,15,0,0,1,0,0,2,0,0,5,2,2,3,4,1,5,15,3,188
2009-01-20 12:00:00,2009wk05,53,24,19,32,20,2,2,7,15,0,0,1,2,0,1,1,0,25,0,2,1,3,2,2,14,10,238
2009-01-27 12:00:00,2009wk06,29,17,10,21,6,0,3,3,8,0,0,0,0,0,4,1,6,17,1,2,2,2,1,7,17,13,170
2009-02-03 12:00:00,2009wk07,45,20,6,38,13,5,0,0,11,0,0,0,0,0,17,4,1,19,2,1,1,2,0,2,8,5,200
2009-02-10 12:00:00,2009wk08,47,19,7,32,8,2,8,6,11,0,0,0,0,0,18,5,8,6,2,1,3,3,0,4,24,8,222
2009-02-17 12:00:00,2009wk09,34,21,15,21,8,1,6,4,7,0,0,0,0,0,9,0,0,17,3,3,1,0,2,3,22,2,179
2009-02-24 12:00:00,2009wk10,28,15,9,24,9,1,0,1,10,0,0,1,0,0,5,0,3,10,2,5,0,1,1,1,22,3,151
2009-03-03 12:00:00,2009wk11,26,16,6,22,9,0,3,0,3,0,0,0,0,0,23,8,0,15,10,6,1,2,0,1,9,6,166
2009-03-10 12:00:00,2009wk12,27,4,11,29,19,0,2,2,6,1,0,0,0,0,27,0,0,10,6,23,3,1,1,3,11,2,188
2009-03-17 12:00:00,2009wk13,25,10,22,38,18,1,2,0,6,0,0,0,0,0,28,0,1,17,2,26,1,0,0,2,27,0,22
2009-03-24 12:00:00,2009wk14,28,10,3,23,14,2,2,2,7,0,0,0,0,0,36,0,0,7,5,15,0,2,1,3,5,1,166
2009-03-31 12:00:00,2009wk15,23,10,6,21,20,0,3,1,3,0,0,0,0,0,14,1,5,12,1,5,2,0,0,7,13,1,148
2009-04-07 12:00:00,2009wk16,20,5,4,5,6,2,0,0,1,0,0,0,0,0,0,0,0,4,0,4,0,0,0,0,1,0,52
2009-04-14 12:00:00,2009wk17,31,9,6,9,11,0,1,3,1,0,0,0,0,0,27,2,6,5,1,27,0,4,0,2,21,1,167
2009-04-21 12:00:00,2009wk18,57,17,15,73,18,5,2,28,5,0,0,0,0,0,2,7,12,25,2,12,3,2,1,2,44,2,334
2009-04-28 12:00:00,2009wk19,75,16,15,54,14,1,3,57,16,0,0,0,0,0,13,0,9,12,2,5,1,6,2,10,24,0,335
2009-05-05 12:00:00,2009wk20,78,65,10,46,7,1,5,27,20,0,0,0,0,0,6,0,5,20,5,30,0,3,4,20,42,2,396
2009-05-12 12:00:00,2009wk21,94,53,8,80,9,5,12,87,45,0,0,1,0,0,16,0,3,44,8,7,6,1,1,55,100,2,637
2009-05-19 12:00:00,2009wk22,88,128,27,90,17,9,8,40,38,0,0,0,2,0,8,4,3,108,9,13,5,9,2,83,112,5,808
2009-05-26 12:00:00,2009wk23,158,194,52,217,40,1,21,35,65,0,0,0,0,0,6,16,11,78,15,13,7,6,4,77,118,1,1135
2009-06-02 12:00:00,2009wk24,110,120,75,154,34,4,17,66,42,0,0,0,0,0,11,4,4,70,31,21,0,12,9,61,128,5,978
2009-06-09 12:00:00,2009wk25,209,165,33,181,93,19,22,36,76,1,0,0,0,0,18,3,7,141,28,21,5,11,13,94,122,2,1300
2009-06-16 12:00:00,2009wk26,166,142,41,111,130,24,49,37,64,0,0,0,3,0,19,14,19,228,41,40,5,36,10,112,250,4,1545
2009-06-23 12:00:00,2009wk27,288,158,33,183,95,17,32,29,36,0,0,0,1,0,15,24,15,105,41,28,21,18,14,76,107,4,1340
2009-06-30 12:00:00,2009wk28,153,170,35,55,87,18,34,39,45,0,0,0,0,0,12,12,16,85,47,33,8,9,10,69,83,3,1023
2009-07-07 12:00:00,2009wk29,161,134,37,158,123,6,20,30,65,0,0,0,0,0,9,9,10,149,46,19,10,7,3,104,135,3,1238
2009-07-14 12:00:00,2009wk30,203,147,26,139,46,16,63,33,31,0,0,0,1,0,21,11,5,98,21,10,5,7,14,79,76,6,1058
2009-07-21 12:00:00,2009wk31,163,71,21,141,92,20,16,27,66,0,0,0,0,0,19,1,0,66,14,5,5,8,5,85,100,3,928
2009-07-28 12:00:00,2009wk32,110,110,12,103,77,13,25,23,17,1,0,0,0,0,10,3,3,134,28,14,6,8,7,64,37,5,810
2009-08-04 12:00:00,2009wk33,106,113,8,87,71,7,33,16,17,0,0,0,2,0,19,2,0,123,21,5,2,2,5,46,65,0,750
2009-08-11 12:00:00,2009wk34,94,86,22,99,65,4,27,28,32,0,0,0,2,0,12,2,3,91,26,9,8,19,4,67,65,3,768
2009-08-18 12:00:00,2009wk35,78,88,18,90,40,5,15,11,31,0,0,0,2,0,6,3,0,68,13,7,5,3,4,51,70,1,609
2009-08-25 12:00:00,2009wk36,61,76,10,32,19,2,9,9,17,0,0,1,0,0,1,1,1,48,12,5,0,4,2,30,29,6,375
2009-09-01 12:00:00,2009wk37,28,59,11,30,20,4,11,10,36,0,0,0,7,0,8,2,3,36,1,5,4,3,3,32,44,5,362
2009-09-08 12:00:00,2009wk38,58,64,15,39,32,2,22,19,17,0,0,0,11,0,3,2,0,57,6,3,7,5,2,20,44,7,435
2009-09-15 12:00:00,2009wk39,51,36,11,66,16,4,7,13,20,0,0,0,11,0,6,0,0,17,9,3,3,7,1,19,18,2,320
2009-09-22 12:00:00,2009wk40,53,29,10,28,34,1,8,8,14,0,0,0,16,0,9,1,1,31,2,2,2,7,1,12,24,13,306
2009-09-29 12:00:00,2009wk41,80,41,10,57,22,4,13,8,11,0,0,0,26,0,5,0,2,25,6,2,2,8,1,14,9,2,348
2009-10-06 12:00:00,2009wk42,72,69,11,22,63,3,8,2,6,0,0,0,17,0,9,1,0,34,10,3,3,4,6,11,14,2,370
2009-10-13 12:00:00,2009wk43,68,54,11,33,74,3,10,11,7,0,0,0,18,0,9,0,1,19,3,4,3,1,2,6,12,12,361
2009-10-20 12:00:00,2009wk44,54,50,20,45,48,4,7,18,14,1,0,0,21,0,2,3,1,33,12,4,1,3,2,5,17,3,368
2009-10-27 12:00:00,2009wk45,80,41,16,25,35,2,10,15,6,0,0,0,16,0,4,4,1,29,11,1,1,4,1,7,33,1,343
2009-11-03 12:00:00,2009wk46,94,36,15,21,28,4,11,10,6,5,0,0,15,0,0,2,0,24,13,3,4,7,3,9,24,2,336
2009-11-10 12:00:00,2009wk47,88,56,22,23,37,3,15,11,10,5,0,1,43,0,3,1,0,23,4,8,6,8,3,10,11,7,398
2009-11-17 12:00:00,2009wk48,64,90,12,26,16,3,4,6,4,7,0,0,56,0,2,4,2,20,10,2,0,7,2,16,22,8,383
2009-11-24 12:00:00,2009wk49,38,34,8,24,17,8,11,20,7,1,0,0,49,0,1,12,0,23,5,0,4,1,6,7,10,2,288
2009-12-01 12:00:00,2009wk50,85,42,4,45,44,8,6,11,3,5,0,0,79,0,3,8,1,25,5,10,2,3,6,7,8,4,414
2009-12-08 12:00:00,2009wk51,48,60,18,36,49,8,5,17,9,16,0,0,143,0,4,6,3,9,23,18,1,7,3,7,17,12,519
2009-12-15 12:00:00,2009wk52,24,34,7,18,37,9,9,7,4,10,0,0,154,0,10,0,7,16,7,14,2,5,1,5,11,9,400
2009-12-22 12:00:00,2009wk53,124,38,13,50,9,6,7,5,6,23,0,4,192,0,22,1,10,47,85,28,1,4,4,2,8,0,689
2009-12-29 12:00:00,2010wk01,126,108,5,14,35,6,12,7,10,112,0,5,209,0,49,1,12,55,18,31,0,17,2,9,24,36,903
2010-01-05 12:00:00,2010wk02,176,153,32,68,25,9,10,11,14,22,0,2,174,0,52,3,16,36,11,64,7,19,13,16,29,35,997
2010-01-12 12:00:00,2010wk03,137,152,37,32,12,12,9,11,9,184,0,5,82,0,54,0,81,60,41,43,3,6,5,16,26,36,1053
2010-01-19 12:00:00,2010wk04,128,53,8,22,7,3,9,6,6,71,0,12,55,0,17,0,6,30,33,24,7,18,6,3,4,11,539
2010-01-26 12:00:00,2010wk05,97,71,24,25,5,3,2,9,4,47,0,0,2,0,50,0,25,23,11,36,10,4,5,15,16,14,488
2010-02-02 12:00:00,2010wk06,81,89,31,31,44,2,15,22,9,329,0,5,30,0,77,3,4,44,84,66,2,14,11,20,23,58,1094
2010-02-09 12:00:00,2010wk07,145,181,34,51,12,4,24,27,11,168,0,6,24,0,56,5,57,30,32,112,16,14,6,11,14,15,105
2010-02-16 12:00:00,2010wk08,136,86,22,32,28,4,19,40,15,83,0,5,22,0,57,0,12,15,23,35,11,13,9,32,33,38,770
2010-02-23 12:00:00,2010wk09,72,118,35,24,20,0,19,35,8,34,0,7,13,0,78,0,19,34,9,39,13,10,7,18,33,18,663
2010-03-02 12:00:00,2010wk10,92,47,21,14,15,5,11,21,13,47,0,0,11,0,14,0,71,34,7,21,2,4,14,55,13,17,549
2010-03-09 12:00:00,2010wk11,65,66,19,35,9,1,23,24,14,15,0,6,4,0,38,0,11,14,3,34,7,6,8,16,24,14,456
2010-03-16 12:00:00,2010wk12,65,73,16,12,4,4,15,18,4,12,0,5,19,0,59,7,24,23,28,19,12,17,18,38,16,16,524
2010-03-23 12:00:00,2010wk13,43,23,3,10,2,5,13,8,6,3,0,3,5,0,26,1,9,11,2,5,9,6,3,17,1,12,226
2010-03-30 12:00:00,2010wk14,16,12,14,5,5,1,20,2,2,0,0,6,1,0,21,1,9,4,1,1,0,1,3,16,0,14,155
2010-04-06 12:00:00,2010wk15,8,7,4,6,0,1,12,2,3,14,0,0,0,0,3,0,1,2,4,9,5,6,8,29,3,7,134
2010-04-13 12:00:00,2010wk16,25,16,23,1,1,0,3,2,1,23,0,3,5,0,44,1,20,5,1,4,4,9,4,12,2,4,213
2010-04-20 12:00:00,2010wk17,42,29,30,29,21,0,42,6,11,30,0,4,2,0,37,0,5,18,6,15,8,13,20,91,16,8,483
2010-04-27 12:00:00,2010wk18,47,40,18,18,7,0,27,14,2,10,0,0,2,0,25,1,14,19,6,8,10,3,9,23,5,12,320
2010-05-04 12:00:00,2010wk19,58,32,22,21,7,1,9,6,8,13,0,2,3,0,14,4,5,15,12,3,23,12,15,41,12,2,340
2010-05-11 12:00:00,2010wk20,44,7,9,24,1,4,15,6,6,26,0,3,0,0,7,1,11,28,11,8,5,15,15,27,6,2,281
2010-05-18 12:00:00,2010wk21,61,7,23,18,13,1,30,3,8,11,0,4,1,0,10,0,3,20,5,2,0,2,3,46,7,0,278
2010-05-25 12:00:00,2010wk22,85,24,64,38,10,6,19,5,5,10,0,0,2,0,12,1,3,19,7,5,18,10,8,56,5,2,414
2010-06-01 12:00:00,2010wk23,152,99,59,28,13,2,30,17,13,46,0,7,6,0,15,0,6,42,33,7,10,22,17,82,22,4,732
2010-06-08 12:00:00,2010wk24,49,33,45,31,7,0,25,23,17,16,1,3,1,0,17,0,3,21,29,10,20,10,27,96,32,0,516
2010-06-15 12:00:00,2010wk25,145,35,10,5,2,3,39,15,12,60,0,8,5,0,0,1,8,26,6,9,10,4,2,69,16,1,491
2010-06-22 12:00:00,2010wk26,213,35,62,42,6,3,23,16,13,73,1,37,6,0,20,1,17,22,12,8,12,19,24,56,12,3,736
2010-06-29 12:00:00,2010wk27,308,85,22,69,20,8,70,30,19,66,1,30,5,0,16,1,31,37,33,13,18,37,38,77,39,0,1073
2010-07-06 12:00:00,2010wk28,334,100,58,46,13,11,30,15,17,29,0,19,7,0,8,3,11,43,7,11,2,37,53,64,12,0,930
2010-07-13 12:00:00,2010wk29,257,93,35,38,13,6,29,24,39,32,0,16,2,0,9,5,11,82,26,10,18,47,58,63,23,0,936
2010-07-20 12:00:00,2010wk30,158,83,52,28,18,12,33,36,31,45,1,6,6,0,11,8,23,61,11,14,7,47,25,67,35,1,819
2010-07-27 12:00:00,2010wk31,223,63,66,65,18,6,36,35,33,29,2,22,5,0,11,10,8,46,26,21,5,63,50,56,32,3,934
2010-08-03 12:00:00,2010wk32,223,90,35,69,8,13,50,27,45,28,2,79,4,0,9,6,7,91,28,29,21,70,95,121,30,2,1182
2010-08-10 12:00:00,2010wk33,270,81,33,57,8,15,30,28,24,13,9,84,6,2,8,0,5,35,12,4,1,112,39,91,9,1,977
2010-08-17 12:00:00,2010wk34,171,64,49,33,9,4,34,25,21,18,5,34,5,0,4,2,3,40,9,7,5,38,12,45,27,3,637
2010-08-24 12:00:00,2010wk35,134,67,33,38,9,7,30,23,14,26,2,21,2,0,2,4,7,33,9,10,3,42,34,32,14,1,597
2010-08-31 12:00:00,2010wk36,111,47,26,37,5,13,45,13,22,9,2,8,5,0,2,1,3,21,8,9,2,44,14,63,18,4,532
2010-09-07 12:00:00,2010wk37,50,29,16,15,8,0,13,13,13,8,7,12,1,2,2,3,5,21,5,15,10,18,10,21,10,0,307
2010-09-14 12:00:00,2010wk38,68,34,13,19,2,4,26,15,13,4,0,22,1,4,0,4,1,19,12,19,2,10,6,34,11,0,343
2010-09-21 12:00:00,2010wk39,25,23,12,3,2,1,9,8,6,8,2,12,4,1,0,0,4,7,8,6,3,8,3,25,4,1,185
2010-09-28 12:00:00,2010wk40,56,23,13,14,3,5,11,7,9,9,1,7,2,0,3,1,4,7,6,4,0,9,9,28,7,0,238
2010-10-05 12:00:00,2010wk41,51,18,12,19,2,8,11,6,1,2,1,5,1,0,2,0,2,15,3,8,3,9,12,21,9,3,219
2010-10-12 12:00:00,2010wk42,60,5,12,15,5,2,10,2,2,5,0,2,0,1,0,0,3,7,5,0,2,5,8,16,2,2,171
2010-10-19 12:00:00,2010wk43,49,12,7,7,3,1,4,6,7,18,0,9,0,0,1,1,0,4,3,6,0,8,6,1,3,1,157
2010-10-26 12:00:00,2010wk44,25,18,6,6,6,3,4,3,2,7,0,2,0,0,0,0,2,4,1,6,2,4,6,3,1,4,115
2010-11-02 12:00:00,2010wk45,22,17,2,9,7,1,4,1,5,4,1,3,1,0,1,0,2,1,4,2,1,9,9,5,3,0,114
2010-11-09 12:00:00,2010wk46,26,13,3,4,7,0,6,0,3,23,2,1,1,0,3,0,1,6,1,2,1,3,12,3,3,6,130
2010-11-16 12:00:00,2010wk47,19,9,3,2,0,4,0,2,2,9,0,5,1,0,2,0,2,4,4,2,1,4,9,4,6,15,109
2010-11-23 12:00:00,2010wk48,21,21,5,5,5,1,0,2,5,28,1,4,0,1,7,0,4,7,2,11,2,3,2,8,6,2,153
2010-11-30 12:00:00,2010wk49,14,16,4,5,13,0,1,0,5,4,1,1,0,0,12,0,9,6,4,9,0,6,1,5,1,0,117
2010-12-07 12:00:00,2010wk50,35,11,5,1,8,1,1,4,0,20,1,0,0,0,4,5,2,5,1,7,2,8,4,6,9,1,141
2010-12-14 12:00:00,2010wk51,23,7,2,2,8,0,1,1,0,15,1,1,2,0,5,0,3,4,8,5,2,8,3,2,1,4,108
2010-12-21 12:00:00,2010wk52,18,12,2,3,7,0,2,1,2,15,1,1,2,0,2,0,2,2,4,4,1,1,2,7,2,1,94
2010-12-28 12:00:00,2011wk01,38,12,3,1,6,1,2,2,2,9,1,2,0,0,3,1,2,5,16,8,2,5,4,3,7,1,136
2011-01-04 12:00:00,2011wk02,77,16,1,4,1,0,3,0,2,1,0,0,0,0,7,2,3,5,17,7,0,2,1,4,5,2,160
2011-01-11 12:00:00,2011wk03,72,29,5,3,1,0,0,3,1,26,0,2,3,2,2,1,2,5,3,2,1,1,0,4,1,0,169
2011-01-18 12:00:00,2011wk04,60,29,8,7,2,1,0,3,4,9,0,1,5,0,2,1,0,7,10,4,1,5,2,4,2,0,167
2011-01-25 12:00:00,2011wk05,72,20,27,4,5,2,2,5,7,6,1,2,2,0,11,1,1,4,3,5,1,1,5,8,4,0,199
2011-02-01 12:00:00,2011wk06,77,16,13,7,2,4,4,2,3,10,0,1,1,0,5,0,1,14,31,1,1,6,3,5,5,0,212
2011-02-08 12:00:00,2011wk07,82,23,7,4,4,0,4,2,4,10,3,1,1,0,7,2,0,11,9,0,9,5,0,8,6,0,202
2011-02-15 12:00:00,2011wk08,78,21,1,2,4,3,0,1,2,9,1,1,0,1,9,1,6,2,5,6,3,4,6,8,6,1,191
2011-02-22 12:00:00,2011wk09,101,36,7,10,7,0,7,2,6,1,0,0,0,0,12,2,8,18,13,6,2,0,1,7,0,0,246
2011-03-01 12:00:00,2011wk10,77,26,18,6,3,3,6,8,8,7,0,1,2,0,21,0,5,11,3,4,3,1,1,5,2,2,223
2011-03-08 12:00:00,2011wk11,73,36,11,12,0,1,3,4,10,10,4,2,10,0,35,2,6,18,18,3,4,1,4,6,7,0,280
2011-03-15 12:00:00,2011wk12,69,31,13,5,4,5,3,4,4,3,0,1,2,0,18,1,0,11,7,5,7,4,2,7,7,2,215
2011-03-22 12:00:00,2011wk13,81,25,10,4,7,0,10,6,7,1,0,0,1,0,19,0,7,18,6,1,1,4,8,7,9,0,232
2011-03-29 12:00:00,2011wk14,99,18,2,13,2,5,9,4,5,0,0,0,2,0,4,0,3,4,1,1,0,0,1,12,2,1,188
2011-04-05 12:00:00,2011wk15,54,25,11,0,3,5,4,6,13,2,0,1,0,0,11,3,1,12,3,5,3,3,7,6,6,0,184
2011-04-12 12:00:00,2011wk16,46,8,3,3,2,2,5,0,1,0,2,0,0,0,22,0,3,1,0,2,1,3,2,8,3,0,117
2011-04-19 12:00:00,2011wk17,116,40,29,18,5,2,6,26,12,3,0,1,2,0,33,0,4,14,1,4,2,6,7,21,14,0,366
2011-04-26 12:00:00,2011wk18,138,58,33,19,6,3,18,10,14,3,0,0,0,1,41,4,7,12,7,2,1,15,9,25,14,2,437
2011-05-03 12:00:00,2011wk19,157,32,17,13,8,5,17,35,21,2,0,0,1,0,37,2,0,24,2,7,6,9,3,21,13,1,433
2011-05-10 12:00:00,2011wk20,112,62,19,8,2,1,14,6,17,1,0,1,2,0,38,0,3,10,4,4,11,2,3,16,11,0,347
2011-05-17 12:00:00,2011wk21,108,39,12,6,7,1,12,7,6,2,0,1,2,0,21,1,3,14,6,6,7,2,4,4,4,0,275
2011-05-24 12:00:00,2011wk22,250,55,60,17,16,6,14,18,13,5,0,0,2,1,31,3,4,27,6,9,7,6,4,13,12,0,579
2011-05-31 12:00:00,2011wk23,235,54,33,21,17,4,22,13,12,5,2,0,2,0,39,9,3,25,10,4,13,10,5,17,19,2,576
2011-06-07 12:00:00,2011wk24,99,93,27,18,11,5,10,13,16,1,0,0,3,0,17,5,4,25,6,8,10,17,4,33,28,0,453
2011-06-14 12:00:00,2011wk25,384,80,37,14,9,1,24,9,9,5,0,1,1,3,23,4,1,20,7,2,2,11,0,16,6,1,670
2011-06-21 12:00:00,2011wk26,306,91,46,28,15,5,28,9,10,4,0,1,2,3,19,1,4,24,4,15,6,11,7,11,42,0,692
2011-06-28 12:00:00,2011wk27,475,100,30,38,19,3,51,14,16,9,0,0,0,0,10,4,0,32,10,10,9,41,9,15,13,1,909
2011-07-05 12:00:00,2011wk28,301,57,34,49,11,8,14,13,19,8,0,0,3,0,8,1,6,25,3,1,3,73,3,22,29,1,692
2011-07-12 12:00:00,2011wk29,161,169,25,41,11,7,11,10,18,6,0,1,2,1,9,1,8,29,10,5,2,25,6,20,25,2,605
2011-07-19 12:00:00,2011wk30,341,201,31,52,8,15,40,5,15,4,0,0,3,0,10,2,3,20,6,5,4,28,7,25,24,2,851
2011-07-26 12:00:00,2011wk31,277,122,24,30,13,12,25,5,12,5,1,1,0,0,9,5,3,38,8,5,3,24,7,20,21,1,661
2011-08-02 12:00:00,2011wk32,130,107,25,25,4,1,31,1,8,5,0,0,1,0,5,0,0,28,2,5,5,13,2,20,25,0,443
2011-08-09 12:00:00,2011wk33,149,100,19,18,2,3,6,7,2,9,3,0,0,0,2,2,2,17,4,2,3,13,3,12,17,0,395
2011-08-16 12:00:00,2011wk34,135,63,15,19,8,1,22,6,4,12,1,1,1,0,0,2,1,14,8,4,5,15,5,14,14,0,370
2011-08-23 12:00:00,2011wk35,97,70,12,36,10,3,23,2,11,7,0,0,0,0,7,2,2,19,3,10,0,7,5,16,18,0,360
2011-08-30 12:00:00,2011wk36,178,54,16,41,4,7,4,2,3,16,1,0,1,0,2,0,7,13,6,6,4,15,6,5,19,1,90
2011-09-06 12:00:00,2011wk37,25,28,5,32,1,3,10,2,12,3,0,0,0,0,0,18,0,12,2,1,2,6,1,3,8,0,174
2011-09-13 12:00:00,2011wk38,143,43,24,46,4,7,19,5,7,6,0,0,1,0,6,1,1,15,2,2,3,3,14,24,26,0,402
2011-09-20 12:00:00,2011wk39,118,68,22,36,6,3,18,6,15,5,0,0,0,0,15,0,0,21,7,5,2,5,5,17,16,1,391
2011-09-27 12:00:00,2011wk40,92,40,9,54,5,4,7,2,13,3,1,0,0,0,7,3,1,9,3,3,3,9,3,25,38,0,334
2011-10-04 12:00:00,2011wk41,66,35,18,58,3,7,15,4,21,4,0,1,2,1,13,3,0,17,3,7,2,7,9,21,40,1,358
2011-10-11 12:00:00,2011wk42,88,70,25,68,4,11,11,3,23,6,1,2,1,0,16,2,2,13,4,2,2,8,8,17,41,2,430
2011-10-18 12:00:00,2011wk43,126,71,22,64,5,3,2,4,6,3,1,6,0,0,35,4,1,19,9,3,8,14,8,16,63,2,495
2011-10-25 12:00:00,2011wk44,128,94,23,63,5,20,14,2,22,4,1,8,0,0,58,2,0,18,7,11,4,10,5,16,32,0,547
2011-11-01 12:00:00,2011wk45,25,46,21,60,4,2,4,4,25,3,0,2,2,0,3,3,2,26,6,0,2,16,9,11,38,1,315
2011-11-08 12:00:00,2011wk46,44,9,2,26,2,2,4,2,8,7,1,3,0,0,40,0,0,13,0,1,0,1,0,1,0,0,166
2011-11-15 12:00:00,2011wk47,91,36,16,34,8,0,0,2,17,8,0,0,0,0,73,6,4,8,2,1,0,9,18,9,15,3,360
2011-11-22 12:00:00,2011wk48,162,54,14,42,5,8,15,7,40,9,0,2,2,1,58,5,0,10,8,5,2,12,6,25,14,1,507
2011-11-29 12:00:00,2011wk49,188,109,33,94,12,1,14,6,48,9,0,0,0,0,102,6,9,22,10,6,9,12,2,25,36,2,755
2011-12-06 12:00:00,2011wk50,281,83,35,52,7,5,8,6,36,10,0,1,1,0,61,3,3,22,13,4,6,15,6,16,23,2,699
2011-12-13 12:00:00,2011wk51,168,60,38,57,14,10,9,6,11,13,1,19,0,0,134,1,1,18,18,4,3,7,7,29,21,4,653
2011-12-20 12:00:00,2011wk52,338,41,39,74,10,5,25,4,51,10,0,18,2,0,105,3,4,18,20,3,1,7,4,30,20,10,841
2011-12-27 12:00:00,2012wk01,207,43,21,58,9,0,24,7,22,17,6,11,2,0,124,9,3,35,21,5,4,5,6,27,23,15,704
2012-01-03 12:00:00,2012wk02,219,117,36,60,9,5,26,8,30,14,6,15,4,2,40,1,11,42,19,7,3,5,5,24,22,4,734
2012-01-10 12:00:00,2012wk03,242,256,55,40,8,4,20,12,58,18,2,10,3,0,38,1,4,26,13,14,1,16,3,10,41,11,906
2012-01-17 12:00:00,2012wk04,232,124,33,41,9,5,17,13,52,32,0,5,10,0,62,3,7,27,28,6,10,6,5,12,34,6,779
2012-01-24 12:00:00,2012wk05,232,124,33,41,9,5,17,13,52,32,0,5,10,0,62,3,7,27,28,6,10,6,5,12,34,6,779
2012-01-31 12:00:00,2012wk06,215,117,67,66,12,7,14,13,42,8,0,10,2,0,23,0,7,50,4,4,6,3,1,27,38,9,745
2012-02-07 12:00:00,2012wk07,171,104,35,40,9,2,31,10,31,13,1,0,1,0,31,1,2,24,19,5,7,4,6,27,21,16,611
2012-02-14 12:00:00,2012wk08,128,83,29,37,15,8,20,14,40,6,0,2,2,0,20,2,6,47,7,5,10,3,3,38,18,3,546
2012-02-21 12:00:00,2012wk09,94,58,62,41,6,14,16,14,34,5,0,3,0,0,18,1,4,16,6,3,1,1,4,22,22,8,453
2012-02-28 12:00:00,2012wk10,156,73,29,22,9,6,39,16,41,9,1,2,1,0,22,0,8,16,6,10,1,2,5,24,25,7,530
2012-03-06 12:00:00,2012wk11,75,46,30,21,10,10,22,7,30,16,0,1,1,0,14,1,3,13,12,7,2,1,5,28,16,2,373
2012-03-13 12:00:00,2012wk12,126,53,21,25,4,7,23,9,27,5,2,2,2,1,21,1,2,23,20,4,1,3,6,36,23,7,454
2012-03-20 12:00:00,2012wk13,33,44,3,3,7,2,12,2,8,2,0,1,1,0,10,0,0,12,0,1,0,0,0,21,9,0,171
2012-03-27 12:00:00,2012wk14,99,56,23,28,11,9,21,4,28,7,0,4,0,0,16,0,9,19,5,5,2,1,2,17,24,1,391
2012-04-03 12:00:00,2012wk15,42,49,17,21,1,10,16,9,10,4,0,1,0,0,3,0,2,6,9,3,1,1,4,17,28,1,255
2012-04-10 12:00:00,2012wk16,47,43,13,17,1,2,10,1,19,9,1,0,1,0,9,4,1,14,4,5,1,2,2,9,5,0,220
2012-04-17 12:00:00,2012wk17,131,115,44,35,11,11,27,13,23,7,1,4,0,0,11,1,1,26,9,7,3,7,1,50,49,0,578
2012-04-24 12:00:00,2012wk18,38,0,0,0,1,0,8,0,7,0,0,0,0,0,4,0,0,7,1,2,0,0,0,14,12,4,98
2012-05-01 12:00:00,2012wk19,0,0,0,5,1,0,1,0,0,0,0,0,0,0,9,0,0,2,0,0,0,1,0,10,4,1,34
2012-05-08 12:00:00,2012wk20,0,0,0,5,0,0,0,0,0,0,1,0,0,0,8,0,3,5,0,0,0,0,0,17,3,5,47
2012-05-15 12:00:00,2012wk21,64,0,0,5,0,0,1,0,0,0,0,0,0,0,7,0,0,1,0,0,0,0,0,6,4,0,88
2012-05-22 12:00:00,2012wk22,69,0,0,4,1,0,0,0,0,3,0,0,0,0,1,0,0,8,0,0,0,0,0,21,2,0,109
2012-05-29 12:00:00,2012wk23,67,0,0,0,0,0,0,1,0,0,0,0,0,0,5,0,0,5,0,3,0,0,0,43,6,0,130
2012-06-05 12:00:00,2012wk24,70,0,0,0,0,0,0,4,0,0,0,0,0,0,8,1,2,15,0,2,0,0,2,40,0,0,144
2012-06-12 12:00:00,2012wk25,0,0,0,0,0,0,2,0,0,1,0,0,0,0,6,0,1,10,0,8,0,0,0,87,0,1,116
2012-06-19 12:00:00,2012wk26,72,0,0,0,0,0,0,0,0,0,0,0,0,0,3,0,0,14,0,6,0,0,1,33,0,0,129
2012-06-26 12:00:00,2012wk27,91,42,0,0,1,0,0,0,0,0,0,0,1,0,2,0,0,24,0,1,1,0,1,43,46,1,254
2012-07-03 12:00:00,2012wk28,159,28,11,0,1,0,7,0,0,0,0,0,0,0,1,0,0,35,0,1,2,0,0,38,13,0,296
2012-07-10 12:00:00,2012wk29,99,35,4,1,0,0,0,0,0,2,0,0,0,0,1,0,0,61,0,2,5,2,0,61,39,2,314
2012-07-17 12:00:00,2012wk30,0,42,8,0,2,0,0,0,2,1,0,0,0,0,1,0,0,46,0,1,5,0,6,9,33,1,157
2012-07-24 12:00:00,2012wk31,206,27,0,2,0,4,5,6,3,4,0,0,0,0,1,0,0,39,0,1,14,1,0,12,36,1,362
2012-07-31 12:00:00,2012wk32,128,36,10,52,3,1,39,12,29,3,0,0,2,0,1,0,0,37,0,4,2,2,3,15,80,1,460
2012-08-07 12:00:00,2012wk33,136,75,32,36,4,7,21,17,46,11,0,2,4,1,4,1,1,70,28,5,2,10,5,93,66,1,678
2012-08-14 12:00:00,2012wk34,297,106,45,31,6,6,32,9,34,6,0,2,0,0,5,0,5,47,8,2,0,6,3,128,61,1,840
2012-08-21 12:00:00,2012wk35,152,73,25,55,21,5,34,13,26,7,1,0,6,0,2,0,1,46,46,8,4,4,3,57,58,0,647
2012-08-28 12:00:00,2012wk36,78,51,33,28,15,1,25,11,28,5,2,4,0,0,2,2,0,17,11,4,0,5,6,52,32,0,412
2012-09-04 12:00:00,2012wk37,91,110,30,31,19,7,24,6,24,10,0,0,9,0,1,0,0,57,79,4,2,8,4,66,56,0,638
2012-09-11 12:00:00,2012wk38,107,45,23,29,10,2,17,6,34,8,0,0,7,0,0,3,1,59,42,7,2,3,2,63,42,0,512
2012-09-18 12:00:00,2012wk39,106,51,20,28,6,3,6,10,41,6,0,1,0,0,1,0,1,30,80,5,0,10,6,37,29,0,477
2012-09-25 12:00:00,2012wk40,126,103,53,27,7,9,8,7,42,17,0,0,3,0,5,0,3,44,27,3,3,11,2,20,35,1,556
2012-10-02 12:00:00,2012wk41,144,121,32,39,7,2,10,14,38,7,0,0,5,0,2,2,0,38,15,2,4,14,3,42,39,1,581
2012-10-09 12:00:00,2012wk42,105,69,45,39,8,6,18,8,55,49,0,0,0,0,5,0,2,106,34,7,3,6,4,22,22,0,613
2012-10-16 12:00:00,2012wk43,220,50,37,43,19,6,13,20,47,50,0,0,1,0,11,3,2,84,37,2,6,13,2,34,33,2,735
2012-10-23 12:00:00,2012wk44,55,139,8,36,2,2,9,6,56,17,0,1,3,0,4,0,1,37,36,4,1,3,4,12,33,0,469
2012-10-30 12:00:00,2012wk45,45,95,42,50,11,4,7,18,39,27,2,3,0,1,4,1,4,56,31,2,3,7,3,45,25,1,526
2012-11-06 12:00:00,2012wk46,0,128,45,25,5,5,17,9,47,17,0,5,0,1,5,2,3,57,16,4,3,2,1,33,15,0,445
2012-11-13 12:00:00,2012wk47,36,86,36,34,9,7,9,5,26,29,1,3,0,1,5,1,0,97,47,5,3,6,9,35,21,1,512
2012-11-20 12:00:00,2012wk48,51,88,22,42,3,5,20,13,30,28,0,6,1,0,12,1,2,72,46,7,2,10,3,42,31,5,542
2012-11-27 12:00:00,2012wk49,70,69,24,25,10,5,10,12,16,94,0,3,3,3,6,0,5,50,40,4,2,8,3,36,24,0,522
2012-12-04 12:00:00,2012wk50,127,88,49,44,15,1,19,4,32,57,2,6,3,3,11,1,1,76,123,31,4,12,4,19,40,14,786
2012-12-11 12:00:00,2012wk51,148,119,28,39,15,3,10,6,28,45,1,9,3,4,10,0,6,219,73,30,8,15,2,21,41,7,890
2012-12-18 12:00:00,2012wk52,135,57,20,21,2,2,8,5,26,35,0,9,1,4,6,0,0,47,4,5,6,2,2,5,33,0,435
2012-12-25 12:00:00,2013wk01,95,82,10,15,5,4,6,7,14,33,0,7,4,0,4,1,2,52,15,22,1,12,6,8,28,6,439
2013-01-01 12:00:00,2013wk02,127,80,37,0,20,1,13,9,5,32,0,10,4,1,6,3,1,66,27,21,4,6,10,19,42,5,549
2013-01-08 12:00:00,2013wk03,186,77,27,13,6,2,12,9,16,33,2,5,2,1,9,2,6,127,18,23,1,9,6,7,21,15,635
2013-01-15 12:00:00,2013wk04,109,59,35,0,7,3,17,6,11,12,0,4,5,5,8,2,7,51,40,14,7,6,2,26,18,14,468
2013-01-22 12:00:00,2013wk05,162,73,32,13,5,4,4,3,16,16,1,3,0,0,15,5,5,130,22,6,21,9,3,26,28,5,607
2013-01-29 12:00:00,2013wk06,113,11,6,27,4,9,4,2,10,9,0,3,0,1,19,0,7,81,45,6,6,3,0,9,1,3,379
2013-02-05 12:00:00,2013wk07,75,28,23,28,9,0,8,5,3,5,0,3,1,0,5,1,1,18,0,3,4,0,1,15,18,11,275
2013-02-12 12:00:00,2013wk08,172,46,22,29,0,6,6,8,27,12,1,3,2,0,6,1,8,39,33,5,1,12,1,20,14,5,479
2013-02-19 12:00:00,2013wk09,102,20,26,34,9,1,15,6,10,17,0,0,2,2,22,4,5,54,34,24,5,0,9,39,21,43,504
2013-02-26 12:00:00,2013wk10,133,26,17,23,7,3,27,9,10,19,1,1,2,4,28,1,5,32,31,12,2,9,2,33,19,25,481
2013-03-05 12:00:00,2013wk11,124,29,32,32,7,4,20,14,16,17,2,2,0,1,1,3,5,43,16,15,13,14,2,25,26,39,502
2013-03-12 12:00:00,2013wk12,80,38,13,27,6,5,10,4,10,10,0,2,2,2,12,1,6,48,19,11,9,6,2,22,28,11,384
2013-03-19 12:00:00,2013wk13,100,33,20,10,0,4,15,2,10,10,0,2,1,3,13,0,1,26,3,19,3,3,4,13,5,1,301
2013-03-26 12:00:00,2013wk14,77,48,19,5,8,5,8,2,11,20,3,0,2,3,10,6,13,27,4,7,2,2,2,34,4,9,331
2013-04-02 12:00:00,2013wk15,113,31,26,8,8,4,17,7,4,26,0,3,1,5,20,0,6,32,10,9,10,7,3,55,26,11,442
2013-04-09 12:00:00,2013wk16,62,28,15,25,5,1,10,4,8,37,0,0,0,3,8,1,1,29,15,1,0,5,2,9,16,0,285
2013-04-16 12:00:00,2013wk17,59,39,23,28,2,1,5,8,8,27,1,0,1,6,8,0,0,26,16,0,0,6,5,27,9,5,310
2013-04-23 12:00:00,2013wk18,60,47,16,12,4,1,22,7,7,16,1,0,1,4,5,0,5,19,2,13,4,5,5,50,23,2,331
2013-04-30 12:00:00,2013wk19,112,56,29,22,5,4,12,4,2,20,0,2,0,1,11,0,4,31,7,11,4,11,5,28,15,2,398
2013-05-07 12:00:00,2013wk20,72,43,24,33,13,4,18,4,10,15,0,1,3,8,14,0,0,29,9,7,9,7,1,57,29,5,415
2013-05-14 12:00:00,2013wk21,55,35,37,28,1,5,11,5,9,9,0,4,0,2,2,0,4,18,9,5,1,3,4,16,19,2,284
2013-05-21 12:00:00,2013wk22,91,59,17,21,1,2,9,2,5,11,0,1,2,1,14,2,1,32,8,8,1,0,1,12,16,4,321
2013-05-28 12:00:00,2013wk23,94,42,41,30,3,1,17,4,9,12,1,1,1,4,19,3,5,36,9,3,6,2,2,40,16,8,409
2013-06-04 12:00:00,2013wk24,169,23,25,40,5,10,13,3,4,7,0,1,2,5,9,2,3,28,3,5,2,10,1,52,24,2,448
2013-06-11 12:00:00,2013wk25,130,63,32,51,2,4,25,6,3,6,0,0,2,0,10,2,1,58,10,2,7,5,1,22,25,1,468
2013-06-18 12:00:00,2013wk26,41,38,32,54,7,2,30,4,12,8,0,0,2,0,15,1,1,30,18,3,4,11,3,35,22,3,376
2013-06-25 12:00:00,2013wk27,231,79,28,33,7,2,12,7,10,6,3,1,0,1,7,0,0,47,15,6,1,10,6,23,14,2,551
2013-07-02 12:00:00,2013wk28,232,98,36,60,8,4,22,8,15,5,0,1,1,0,9,4,1,37,12,4,4,16,6,24,30,1,638
2013-07-09 12:00:00,2013wk29,218,82,47,26,15,3,18,5,9,4,0,0,2,1,3,7,1,42,8,1,13,22,9,26,26,0,588
2013-07-16 12:00:00,2013wk30,184,73,36,39,5,9,8,5,5,6,0,0,0,0,5,3,1,35,11,2,12,4,9,34,18,1,505
2013-07-23 12:00:00,2013wk31,293,97,38,43,7,5,30,7,26,7,0,0,2,4,6,2,5,24,6,8,9,13,4,33,17,4,690
2013-07-30 12:00:00,2013wk32,154,83,36,34,13,12,9,7,11,11,0,0,1,1,8,5,3,17,3,6,11,8,2,20,22,0,477
2013-08-06 12:00:00,2013wk33,180,39,37,42,6,6,16,6,6,9,6,0,1,3,4,4,0,25,14,3,12,7,2,25,25,0,478
2013-08-13 12:00:00,2013wk34,144,69,45,45,14,3,19,9,5,7,0,0,0,1,2,1,1,21,16,7,17,9,4,18,49,0,506
2013-08-20 12:00:00,2013wk35,219,60,15,36,8,5,9,4,5,9,0,0,0,0,1,4,7,25,9,3,11,4,3,20,16,1,474
2013-08-27 12:00:00,2013wk36,132,85,37,24,5,8,21,7,5,4,3,2,0,1,6,1,2,26,11,4,2,15,2,23,12,3,441
2013-09-03 12:00:00,2013wk37,109,55,41,30,6,0,13,5,7,10,2,1,0,0,7,0,1,36,12,10,19,7,3,17,15,0,406
2013-09-10 12:00:00,2013wk38,55,53,31,25,4,1,16,9,8,10,0,0,0,0,0,10,1,24,9,4,9,5,2,20,16,0,312
2013-09-17 12:00:00,2013wk39,131,43,26,20,4,7,24,2,4,8,1,1,0,0,4,5,1,10,6,4,6,8,4,10,9,0,338
2013-09-24 12:00:00,2013wk40,108,50,25,16,11,4,16,4,7,7,1,2,2,0,3,8,1,31,7,13,6,6,5,18,11,1,363
2013-10-01 12:00:00,2013wk41,112,40,7,18,6,6,17,8,7,5,0,0,0,0,8,8,1,27,6,8,2,4,3,9,8,1,311
2013-10-08 12:00:00,2013wk42,57,53,14,7,0,2,4,2,4,9,0,0,1,3,5,2,0,22,5,5,10,5,2,5,13,1,231
2013-10-15 12:00:00,2013wk43,48,40,22,11,4,2,3,0,3,9,1,0,1,2,3,0,0,15,2,2,2,5,5,4,16,0,200
2013-10-22 12:00:00,2013wk44,164,49,22,17,3,4,6,7,5,19,0,2,1,0,1,2,3,21,6,8,12,7,5,19,34,1,418
2013-10-29 12:00:00,2013wk45,145,59,20,9,1,2,1,0,4,10,0,0,0,0,2,7,0,9,3,4,5,6,1,5,17,1,311
2013-11-05 12:00:00,2013wk46,177,62,23,25,10,2,13,4,6,11,0,0,0,0,2,7,1,13,10,4,11,6,4,7,16,0,414
2013-11-12 12:00:00,2013wk47,139,44,24,16,7,4,14,4,7,7,1,0,0,1,0,2,0,21,13,4,9,6,2,9,19,1,354
2013-11-19 12:00:00,2013wk48,123,36,34,17,2,5,16,5,10,10,0,0,1,2,4,1,4,17,7,1,8,10,4,18,27,4,366
2013-11-26 12:00:00,2013wk49,215,110,36,12,8,3,10,4,3,12,0,0,1,1,3,3,1,27,7,3,3,4,1,10,20,1,498
2013-12-03 12:00:00,2013wk50,254,40,37,9,11,9,10,2,11,25,0,0,0,0,6,3,0,21,8,9,10,7,4,7,12,1,496
2013-12-10 12:00:00,2013wk51,256,44,32,28,3,5,13,7,10,26,0,0,0,0,4,1,0,24,16,13,6,3,2,4,24,1,522
2013-12-17 12:00:00,2013wk52,249,23,49,18,4,6,29,6,10,19,1,0,3,0,9,5,1,15,10,11,11,5,0,8,22,0,514
2013-12-24 12:00:00,2014wk01,329,44,19,22,10,2,27,5,6,34,0,1,1,0,2,13,5,17,15,14,7,9,3,10,18,0,613
2013-12-31 12:00:00,2014wk02,244,103,48,16,8,8,17,13,10,43,1,1,1,3,5,0,3,25,22,3,9,11,5,12,18,5,634
2014-01-07 12:00:00,2014wk03,193,68,55,19,3,9,25,10,12,23,2,1,1,3,6,0,11,27,9,7,5,9,3,8,21,0,530
2014-01-14 12:00:00,2014wk04,299,87,42,9,4,1,19,5,9,10,0,0,2,3,4,0,8,22,16,13,17,3,5,17,9,3,607
2014-01-21 12:00:00,2014wk05,200,81,49,13,5,3,17,5,12,31,0,0,0,1,10,9,13,28,19,15,4,10,2,15,17,3,562
2014-01-28 12:00:00,2014wk06,142,66,16,11,3,1,18,9,7,24,0,0,0,1,12,1,7,28,14,5,0,7,2,15,6,0,395
2014-02-04 12:00:00,2014wk07,118,55,35,7,3,1,11,6,8,15,3,0,0,5,11,2,11,29,16,12,0,12,8,10,10,0,388
2014-02-11 12:00:00,2014wk08,143,52,31,13,5,2,1,5,12,27,0,0,1,3,11,1,4,28,4,6,0,9,2,11,14,3,388
2014-02-18 12:00:00,2014wk09,182,64,37,10,5,6,1,11,8,25,1,1,5,0,15,4,5,16,2,7,0,14,8,4,15,4,450
2014-02-25 12:00:00,2014wk10,136,34,19,8,8,4,8,4,3,23,1,0,1,0,13,5,15,14,4,7,0,3,1,2,11,1,325
2014-03-04 12:00:00,2014wk11,144,46,32,4,2,1,3,3,6,4,1,0,2,0,22,1,24,20,5,8,0,16,4,11,9,1,369
2014-03-11 12:00:00,2014wk12,69,34,23,13,3,2,12,3,1,12,0,0,1,3,24,2,8,14,3,4,0,2,8,9,8,6,264
2014-03-18 12:00:00,2014wk13,128,43,22,9,7,2,18,2,3,14,1,0,0,6,47,1,2,22,2,6,0,9,7,5,12,2,370
2014-03-25 12:00:00,2014wk14,60,8,18,9,4,1,3,2,1,7,0,0,0,0,39,1,27,11,6,4,0,4,2,4,8,4,223
2014-04-01 12:00:00,2014wk15,71,47,18,8,1,2,6,11,3,16,0,0,0,0,22,0,22,15,1,5,0,4,3,3,7,3,268
2014-04-08 12:00:00,2014wk16,52,16,12,6,1,2,5,2,6,7,0,0,0,0,4,0,0,1,4,1,0,1,0,1,7,0,128
2014-04-15 12:00:00,2014wk17,42,12,9,3,1,2,2,0,0,6,0,0,0,0,16,2,40,6,4,4,0,0,2,0,3,0,154
2014-04-22 12:00:00,2014wk18,159,29,47,17,4,5,8,2,4,15,0,0,0,0,24,6,26,7,10,8,0,2,1,12,24,0,410
2014-04-29 12:00:00,2014wk19,115,84,21,11,1,4,11,4,3,12,0,0,0,0,25,2,26,6,1,1,0,2,0,5,17,6,357
2014-05-06 12:00:00,2014wk20,146,31,21,5,2,3,13,1,8,11,0,0,0,0,16,1,16,7,0,1,0,1,1,6,16,5,311
2014-05-13 12:00:00,2014wk21,154,35,25,4,2,4,7,5,1,16,0,0,0,0,24,1,10,8,1,0,0,4,1,15,22,1,340
2014-05-20 12:00:00,2014wk22,329,113,37,34,2,2,20,2,6,7,0,0,0,0,17,0,15,14,7,1,0,7,4,38,41,1,697
2014-05-27 12:00:00,2014wk23,442,167,101,44,4,5,11,11,4,19,0,0,2,0,26,3,8,14,14,3,0,20,0,93,54,3,1048
2014-06-03 12:00:00,2014wk24,464,36,37,42,7,11,15,20,8,16,0,0,7,0,16,6,7,46,11,6,0,10,9,135,43,4,956
2014-06-10 12:00:00,2014wk25,381,98,70,35,10,9,36,20,20,17,0,1,12,2,20,1,16,51,11,2,0,23,8,219,70,4,1136
2014-06-17 12:00:00,2014wk26,443,193,101,75,34,14,35,19,21,26,1,2,11,3,30,1,13,66,10,6,0,16,5,234,86,3,1448
2014-06-24 12:00:00,2014wk27,491,296,97,39,14,6,36,41,14,22,0,8,3,0,11,6,7,86,38,20,4,9,6,136,56,4,1450
2014-07-01 12:00:00,2014wk28,426,114,93,37,15,4,37,12,32,52,2,4,5,1,19,2,6,66,24,10,4,8,2,98,55,2,1130
2014-07-08 12:00:00,2014wk29,440,205,78,49,19,5,33,64,23,29,0,2,2,3,15,2,7,77,25,13,12,31,9,64,52,0,1259
2014-07-15 12:00:00,2014wk30,371,91,84,63,14,14,46,18,25,33,1,4,8,0,12,1,10,66,14,8,16,8,12,89,42,0,1050
2014-07-22 12:00:00,2014wk31,203,102,66,48,15,11,35,20,28,19,4,3,0,1,10,4,0,70,11,15,10,14,9,30,37,1,766
2014-07-29 12:00:00,2014wk32,209,80,42,36,7,3,8,5,19,25,1,2,0,2,6,2,5,60,9,10,8,10,6,60,33,6,654
2014-08-05 12:00:00,2014wk33,246,54,53,55,16,3,4,7,20,29,2,1,2,1,4,1,4,54,8,5,1,11,2,58,55,0,696
2014-08-12 12:00:00,2014wk34,184,67,38,50,7,11,0,14,17,28,0,0,1,1,5,4,2,70,5,2,6,22,7,59,50,0,650
2014-08-19 12:00:00,2014wk35,161,146,43,48,4,11,0,3,17,27,0,3,1,2,9,3,0,48,2,4,2,16,8,42,34,8,642
2014-08-26 12:00:00,2014wk36,120,86,42,54,8,3,0,5,13,14,0,3,1,0,1,2,0,24,11,4,3,13,6,49,21,0,483
2014-09-02 12:00:00,2014wk37,110,68,37,40,6,2,0,11,21,28,1,6,1,0,4,0,0,24,6,4,11,8,6,7,5,4,410
2014-09-09 12:00:00,2014wk38,147,78,30,46,4,3,10,6,19,27,0,0,1,1,2,0,5,32,9,7,8,18,3,14,16,0,486
2014-09-16 12:00:00,2014wk39,158,67,29,36,11,7,3,5,26,19,3,0,1,2,3,2,3,51,11,3,2,17,5,37,21,4,526
2014-09-23 12:00:00,2014wk40,158,85,34,40,5,5,13,7,27,18,0,14,1,2,4,1,3,60,5,6,4,29,4,12,17,3,557
2014-09-30 12:00:00,2014wk41,149,115,27,39,6,2,7,4,29,29,0,11,0,0,4,0,2,42,4,1,6,20,7,29,10,2,545
2014-10-07 12:00:00,2014wk42,156,97,29,48,14,5,16,7,19,35,0,12,2,2,7,2,1,62,11,8,7,7,6,8,13,2,576
2014-10-14 12:00:00,2014wk43,176,119,36,60,11,6,5,5,32,50,1,15,0,0,7,1,3,32,11,9,10,21,3,45,12,5,675
2014-10-21 12:00:00,2014wk44,211,119,32,68,20,6,25,18,19,33,0,12,0,0,3,2,1,67,14,8,2,29,2,21,19,0,731
2014-10-28 12:00:00,2014wk45,175,31,23,48,24,5,29,13,30,65,1,16,0,3,10,2,5,46,25,10,3,29,6,31,40,0,670
2014-11-04 12:00:00,2014wk46,296,179,46,72,18,4,11,5,9,48,0,0,4,3,6,2,6,53,17,4,6,39,12,14,35,3,892
2014-11-11 12:00:00,2014wk47,343,126,40,114,5,21,20,8,23,80,0,17,0,6,20,6,10,67,43,18,10,73,11,24,15,38,1138
2014-11-18 12:00:00,2014wk48,301,123,39,118,15,5,14,14,18,83,4,37,5,2,34,3,13,75,33,10,20,35,13,36,38,80,1168
2014-11-25 12:00:00,2014wk49,428,150,40,60,19,4,17,6,20,100,2,36,5,4,30,2,15,90,39,14,8,68,8,18,17,37,1237
2014-12-02 12:00:00,2014wk50,320,117,36,114,22,9,13,16,20,93,1,22,3,10,39,3,22,78,29,14,15,51,2,11,10,34,1104
2014-12-09 12:00:00,2014wk51,326,68,60,73,30,5,13,11,24,114,2,6,7,6,39,1,19,55,27,23,10,11,11,14,15,28,998
2014-12-16 12:00:00,2014wk52,344,83,39,60,15,9,30,12,12,104,0,2,2,4,34,0,4,51,5,18,0,42,3,15,22,1,911
2014-12-23 12:00:00,2015wk01,311,160,31,94,23,7,30,12,14,105,5,18,3,1,50,1,17,43,41,22,6,54,2,20,19,63,1152
2014-12-30 12:00:00,2015wk02,259,73,79,37,20,6,25,6,19,152,3,3,2,5,31,2,16,63,35,15,3,41,8,11,16,40,970
2015-01-06 12:00:00,2015wk03,194,50,33,20,9,2,7,5,8,114,0,0,2,8,20,1,12,18,11,12,3,2,4,3,14,35,587
2015-01-13 12:00:00,2015wk04,302,45,47,43,47,4,33,11,8,119,0,5,3,5,52,2,17,40,27,19,7,38,10,20,17,55,976
2015-01-20 12:00:00,2015wk05,439,37,64,65,28,10,31,9,22,111,3,9,7,7,67,3,45,71,58,44,17,32,12,29,13,42,1275
2015-01-27 12:00:00,2015wk06,410,46,29,42,20,3,31,10,17,56,2,4,11,5,55,0,30,41,11,2,3,7,3,15,13,18,884
2015-02-03 12:00:00,2015wk07,299,74,38,28,10,6,14,4,10,53,1,6,6,1,71,0,13,26,15,11,6,15,7,23,8,29,774
2015-02-10 12:00:00,2015wk08,298,75,28,52,38,10,26,15,14,60,0,3,3,7,85,1,20,63,19,18,11,13,8,23,13,18,921
2015-02-17 12:00:00,2015wk09,142,61,37,21,16,1,24,11,7,53,1,1,3,1,69,3,18,20,29,5,14,9,8,33,14,14,615
2015-02-24 12:00:00,2015wk10,192,24,41,5,21,7,18,14,16,41,5,4,3,0,58,1,35,46,8,6,12,17,4,8,6,11,603
2015-03-03 12:00:00,2015wk11,123,26,26,6,9,4,19,3,14,29,1,0,2,2,28,1,12,30,5,9,2,6,5,18,5,10,395
2015-03-10 12:00:00,2015wk12,124,58,39,1,3,3,2,6,5,32,0,0,1,3,51,3,21,26,11,2,5,7,5,9,9,4,430
2015-03-17 12:00:00,2015wk13,102,42,16,5,6,2,0,6,13,32,2,1,3,1,32,0,6,22,1,3,2,3,4,17,9,3,333
2015-03-24 12:00:00,2015wk14,80,10,17,2,1,2,0,2,9,17,0,0,0,0,23,0,14,15,7,4,1,4,1,11,7,2,229
2015-03-31 12:00:00,2015wk15,63,64,11,7,4,2,1,6,12,13,0,0,1,0,17,0,30,17,8,3,0,10,1,7,10,2,289
2015-04-07 12:00:00,2015wk16,54,16,12,0,0,0,0,0,5,5,0,0,0,0,5,0,5,6,0,2,1,2,0,1,4,5,123
2015-04-14 12:00:00,2015wk17,56,28,11,12,1,0,0,3,7,13,0,0,1,3,18,0,9,7,2,1,0,0,2,4,5,1,184
2015-04-21 12:00:00,2015wk18,99,30,19,6,3,3,0,2,4,9,0,1,1,0,25,0,16,25,2,2,3,13,2,15,8,4,292
2015-04-28 12:00:00,2015wk19,107,22,11,13,1,2,0,1,3,6,0,0,0,0,14,1,12,3,2,1,0,3,1,5,5,0,213
2015-05-05 12:00:00,2015wk20,81,22,28,15,1,2,0,2,4,6,0,1,2,3,29,0,14,13,5,2,0,1,2,25,14,5,277
2015-05-12 12:00:00,2015wk21,80,49,19,12,0,2,0,3,9,16,0,1,3,2,16,0,9,9,12,1,2,3,3,13,13,5,282
2015-05-19 12:00:00,2015wk22,121,48,7,8,2,2,0,0,5,16,0,1,3,1,23,1,14,11,4,2,0,7,1,11,6,2,296
2015-05-26 12:00:00,2015wk23,77,21,12,17,0,0,1,0,4,14,1,0,2,3,11,0,5,15,1,0,3,4,0,5,11,3,210
2015-06-02 12:00:00,2015wk24,69,55,17,18,1,0,1,1,4,11,0,1,3,2,23,1,8,13,5,4,1,3,3,11,5,0,260
2015-06-09 12:00:00,2015wk25,125,49,11,19,3,5,8,4,3,22,1,0,1,0,22,3,12,12,4,2,1,4,3,11,8,1,335
2015-06-16 12:00:00,2015wk26,144,35,21,17,5,2,1,2,3,10,0,1,0,0,6,1,14,13,13,2,0,7,2,4,10,4,317
2015-06-23 12:00:00,2015wk27,120,30,13,12,3,1,5,2,2,14,1,0,0,11,2,1,4,13,0,2,0,6,6,13,7,5,273
2015-06-30 12:00:00,2015wk28,85,29,10,8,0,4,11,1,3,20,0,0,0,0,6,0,5,12,12,0,1,3,3,9,14,4,240
2015-07-07 12:00:00,2015wk29,156,59,27,9,1,0,5,2,2,14,1,0,2,0,27,0,8,15,4,3,0,5,1,20,8,3,372
2015-07-14 12:00:00,2015wk30,149,48,22,15,1,1,7,8,5,8,2,1,1,1,11,1,6,14,30,3,1,6,3,13,7,1,365
2015-07-21 12:00:00,2015wk31,141,39,22,13,1,6,5,8,4,14,1,0,1,4,4,0,3,17,5,1,0,4,1,9,4,1,308
2015-07-28 12:00:00,2015wk32,196,65,21,16,3,4,7,5,7,13,1,0,0,1,2,0,3,9,1,1,0,7,6,13,11,1,393
2015-08-04 12:00:00,2015wk33,177,33,23,15,2,4,14,16,10,16,4,0,2,2,7,0,2,17,3,3,0,2,2,23,8,4,389
2015-08-11 12:00:00,2015wk34,117,31,15,7,0,0,12,1,3,11,0,1,0,0,2,1,4,8,1,3,1,5,6,6,11,1,247
2015-08-18 12:00:00,2015wk35,143,39,18,6,2,1,19,4,5,5,0,0,1,0,1,1,3,11,2,3,0,3,1,8,10,0,286
2015-08-25 12:00:00,2015wk36,115,52,19,13,2,0,25,1,6,13,0,0,1,2,0,1,0,23,3,1,4,2,4,9,11,0,307
2015-09-01 12:00:00,2015wk37,116,48,24,11,0,2,11,9,4,14,0,0,1,1,1,0,2,7,1,3,1,1,0,10,4,0,271
2015-09-08 12:00:00,2015wk38,97,58,10,16,2,2,20,4,2,16,0,0,0,0,3,0,0,6,0,1,1,1,1,3,5,2,250
2015-09-15 12:00:00,2015wk39,62,14,9,11,1,1,8,0,12,13,2,0,2,0,1,0,1,8,1,4,1,3,0,9,7,4,174
2015-09-22 12:00:00,2015wk40,96,43,9,21,1,1,9,4,6,8,0,2,4,0,1,2,1,2,1,2,1,4,1,3,12,0,234
2015-09-29 12:00:00,2015wk41,100,24,13,27,0,2,21,4,10,9,0,1,4,1,4,0,0,9,1,2,1,4,1,10,12,0,260
2015-10-06 12:00:00,2015wk42,122,46,13,16,2,3,10,8,10,3,0,0,2,1,4,2,1,9,0,1,2,2,1,9,7,2,276
2015-10-13 12:00:00,2015wk43,151,19,18,39,5,2,31,9,9,14,0,0,3,0,3,0,3,11,2,4,1,8,3,8,6,1,350
2015-10-20 12:00:00,2015wk44,155,35,14,21,1,4,23,16,15,22,0,0,0,0,3,0,0,5,4,3,5,5,4,9,24,0,368
2015-10-27 12:00:00,2015wk45,182,40,50,42,0,2,16,17,28,21,3,0,4,0,9,0,1,15,4,0,4,10,5,4,9,0,466
2015-11-03 12:00:00,2015wk46,178,70,32,25,2,1,14,9,8,32,0,3,2,0,1,0,3,9,3,3,4,2,2,4,10,0,417
2015-11-10 12:00:00,2015wk47,190,34,36,19,3,4,16,9,10,38,0,0,7,0,4,0,3,12,3,6,2,6,3,12,24,3,444
2015-11-17 12:00:00,2015wk48,232,22,24,42,1,4,29,10,13,64,1,1,4,1,5,0,4,29,5,7,4,13,5,16,27,5,568
2015-11-24 12:00:00,2015wk49,258,60,38,25,2,5,27,9,12,79,1,0,0,0,9,0,3,21,30,9,2,12,9,10,13,5,639
2015-12-01 12:00:00,2015wk50,260,70,27,44,3,4,22,9,16,105,2,2,7,1,19,0,5,13,5,4,10,8,8,17,28,5,694
2015-12-08 12:00:00,2015wk51,316,29,39,48,10,6,24,7,10,104,1,8,14,0,12,2,7,24,3,8,11,4,12,12,21,6,738
2015-12-15 12:00:00,2015wk52,174,14,33,17,0,3,18,3,5,79,0,6,18,1,8,0,8,16,6,1,0,7,4,15,9,15,460
2015-12-22 12:00:00,2016wk01,142,8,20,32,1,8,16,6,6,109,0,3,13,5,22,0,11,9,3,1,2,6,2,9,10,11,455
2015-12-29 12:00:00,2016wk02,301,31,37,71,2,4,27,10,24,84,3,3,18,6,18,3,9,27,13,16,11,12,14,27,47,19,837
2016-01-05 12:00:00,2016wk03,279,40,26,35,7,5,29,16,30,129,2,0,15,2,14,0,23,32,19,11,2,17,14,23,28,19,817
2016-01-12 12:00:00,2016wk04,328,61,55,50,8,18,17,15,22,135,0,6,2,2,20,2,19,36,21,8,13,18,11,26,27,12,932
2016-01-19 12:00:00,2016wk05,472,106,59,64,13,8,43,25,33,137,3,8,15,12,32,0,20,60,16,21,4,14,5,13,33,5,1221
2016-01-26 12:00:00,2016wk06,466,51,48,62,9,7,42,13,30,102,2,11,8,2,10,0,23,40,15,6,11,6,6,28,25,14,1037
2016-02-02 12:00:00,2016wk07,354,92,60,51,11,3,27,18,18,64,0,7,4,9,18,2,12,27,17,9,10,4,7,11,36,25,896
2016-02-09 12:00:00,2016wk08,351,46,75,50,8,9,46,25,30,74,1,3,5,2,12,4,14,47,49,11,16,6,9,34,19,20,966
2016-02-16 12:00:00,2016wk09,254,65,58,23,5,3,28,13,31,65,4,6,8,1,17,1,14,35,17,3,1,12,3,25,34,14,740
2016-02-23 12:00:00,2016wk10,287,45,45,38,12,6,29,15,13,33,1,1,2,4,9,0,10,31,25,18,6,6,5,18,20,23,702
2016-03-01 12:00:00,2016wk11,201,75,50,38,7,8,30,9,14,43,1,3,1,12,4,0,12,23,8,7,5,6,4,40,17,13,631
2016-03-08 12:00:00,2016wk12,171,42,27,29,9,1,15,19,12,44,0,0,1,1,13,0,5,15,8,1,4,5,4,29,13,0,468
2016-03-15 12:00:00,2016wk13,186,27,45,6,2,7,16,5,12,26,0,0,0,3,4,0,11,10,8,4,4,9,7,30,22,2,446
2016-03-22 12:00:00,2016wk14,174,34,21,9,4,2,19,1,5,32,0,0,1,1,4,2,8,14,2,7,3,13,0,12,2,4,374
2016-03-29 12:00:00,2016wk15,20,39,23,18,4,7,27,11,7,25,2,2,6,4,6,5,9,21,4,8,4,2,8,38,5,0,489
2016-04-05 12:00:00,2016wk16,136,13,11,13,0,9,4,1,11,12,2,0,0,0,8,0,1,1,0,0,0,1,8,11,7,5,254
2016-04-12 12:00:00,2016wk17,60,9,11,7,4,7,0,3,8,21,1,2,0,8,3,0,1,13,4,2,1,2,1,13,5,5,191
2016-04-19 12:00:00,2016wk18,161,48,54,21,1,2,26,4,16,14,0,0,4,5,6,0,5,11,9,7,3,3,4,35,19,5,463
2016-04-26 12:00:00,2016wk19,192,41,38,26,4,3,23,12,14,18,1,3,8,2,3,2,7,23,9,6,10,10,4,14,22,8,503
2016-05-03 12:00:00,2016wk20,58,0,8,33,3,4,26,8,6,16,0,1,7,1,5,1,3,31,3,2,4,3,5,18,19,7,272
2016-05-10 12:00:00,2016wk21,39,0,1,38,3,2,20,6,7,9,0,7,1,5,1,0,9,12,16,7,5,6,4,42,16,5,261
2016-05-17 12:00:00,2016wk22,50,0,31,27,1,2,17,7,10,16,1,0,0,0,3,0,2,43,6,7,3,6,2,26,12,3,275
2016-05-24 12:00:00,2016wk23,61,0,6,34,12,4,30,8,12,13,2,6,1,3,2,0,13,46,7,2,2,6,5,20,41,3,339
2016-05-31 12:00:00,2016wk24,95,0,19,55,5,8,30,14,17,26,1,4,0,2,18,3,2,62,10,3,5,26,2,58,30,1,496
2016-06-07 12:00:00,2016wk25,67,0,0,1,0,5,0,0,22,14,0,0,0,0,1,0,2,9,1,0,0,11,0,30,0,0,163
2016-06-14 12:00:00,2016wk26,84,0,0,92,10,6,15,25,19,25,0,0,1,5,5,1,10,51,4,3,2,16,0,43,15,4,436
2016-06-21 12:00:00,2016wk27,249,0,0,152,22,18,16,23,59,12,0,1,6,7,8,0,8,103,28,9,8,28,10,81,40,1,889
2016-06-28 12:00:00,2016wk28,351,34,5,172,49,21,22,32,59,33,1,1,7,5,7,0,6,76,22,13,10,29,5,66,28,2,1056
2016-07-05 12:00:00,2016wk29,293,30,102,139,31,18,31,30,48,52,0,1,6,4,2,1,1,87,13,4,19,34,12,72,35,1,1066
2016-07-12 12:00:00,2016wk30,368,47,49,283,45,26,12,30,67,25,2,1,8,4,0,0,6,97,22,12,14,36,12,97,49,0,1312
2016-07-19 12:00:00,2016wk31,433,102,111,160,55,19,104,31,54,48,1,1,6,0,10,10,8,98,16,24,19,20,14,100,26,4,1474
2016-07-26 12:00:00,2016wk32,332,52,57,204,27,20,77,20,49,61,1,0,1,7,12,4,8,99,35,11,14,27,16,108,21,3,1266
2016-08-02 12:00:00,2016wk33,398,124,83,146,18,18,24,15,44,49,2,1,2,5,1,1,2,70,32,13,12,20,12,42,53,2,1189
2016-08-09 12:00:00,2016wk34,347,82,44,127,21,13,49,7,48,32,3,0,3,2,9,0,4,55,14,6,5,16,21,44,21,1,974
2016-08-16 12:00:00,2016wk35,289,109,63,80,14,10,34,7,23,34,2,0,5,4,7,1,5,28,8,12,2,12,4,26,20,2,801
2016-08-23 12:00:00,2016wk36,236,46,15,85,22,8,15,10,29,21,0,1,2,0,7,0,3,32,14,8,6,14,8,33,17,2,634
2016-08-30 12:00:00,2016wk37,136,47,28,89,29,3,29,4,17,26,1,0,2,1,2,0,0,22,7,4,4,8,7,20,12,0,498
2016-09-06 12:00:00,2016wk38,154,64,23,49,21,6,7,6,29,33,0,1,10,0,7,0,6,15,6,6,8,13,2,31,8,2,507
2016-09-13 12:00:00,2016wk39,137,28,35,56,1,5,17,7,18,12,0,0,2,0,5,0,2,22,1,11,3,20,10,17,8,0,417
2016-09-20 12:00:00,2016wk40,142,31,31,43,12,5,26,15,29,22,0,2,1,0,1,0,3,23,16,14,5,20,6,30,20,5,502
2016-09-27 12:00:00,2016wk41,143,16,27,51,5,6,55,7,15,26,2,0,1,3,3,1,1,12,5,16,3,30,4,15,7,0,454
2016-10-04 12:00:00,2016wk42,89,31,26,27,17,5,87,7,25,31,2,0,4,1,2,0,2,23,3,2,1,45,2,24,23,13,492
2016-10-11 12:00:00,2016wk43,113,14,26,35,29,7,44,5,17,17,1,3,3,5,1,0,3,13,1,2,2,60,7,29,12,2,451
2016-10-18 12:00:00,2016wk44,96,38,20,23,2,2,30,7,21,20,0,1,2,1,7,0,0,8,4,2,4,17,0,20,13,2,340
2016-10-25 12:00:00,2016wk45,78,23,20,34,13,3,27,7,15,20,0,1,1,0,2,0,2,13,0,9,2,35,5,18,16,16,360
2016-11-01 12:00:00,2016wk46,84,25,23,42,7,2,74,2,24,25,0,2,2,2,1,0,2,20,1,0,4,16,10,20,19,9,416
2016-11-08 12:00:00,2016wk47,60,13,20,15,5,3,34,9,17,38,0,6,0,2,2,0,1,13,3,4,2,16,1,10,14,7,295
2016-11-15 12:00:00,2016wk48,85,28,9,16,18,2,17,11,20,31,0,2,2,2,2,1,2,21,6,5,7,20,2,24,6,13,352
2016-11-22 12:00:00,2016wk49,160,4,13,22,10,5,70,11,24,40,0,4,0,1,6,2,3,20,9,2,6,33,8,30,10,10,501
2016-11-29 12:00:00,2016wk50,158,23,28,32,19,0,33,21,12,67,0,6,9,0,10,3,1,24,16,3,0,17,6,29,11,6,534
2016-12-06 12:00:00,2016wk51,319,31,45,22,13,7,91,21,35,62,1,0,12,4,13,0,1,15,5,4,3,6,5,26,7,11,759
2016-12-13 12:00:00,2016wk52,374,7,40,43,2,3,7,23,11,40,0,8,3,2,9,0,38,21,3,1,1,2,12,20,0,4,674
2016-12-20 12:00:00,2016wk53,547,44,77,67,4,5,79,26,38,57,8,8,0,1,17,0,52,37,2,7,11,18,17,42,22,21,1207
2016-12-27 12:00:00,2017wk01,511,137,88,66,25,12,176,31,73,145,0,37,0,1,43,5,22,80,18,16,11,40,21,63,34,90,1745
2017-01-03 12:00:00,2017wk02,342,84,38,43,19,11,111,18,69,126,2,29,27,5,25,0,33,90,10,15,6,58,15,57,41,37,1311
2017-01-10 12:00:00,2017wk03,531,29,91,69,14,12,120,38,114,48,5,55,3,3,9,0,59,60,33,10,7,63,9,70,20,37,1509
2017-01-17 12:00:00,2017wk04,565,98,132,74,37,9,150,60,124,118,6,31,15,10,22,2,145,85,20,16,7,55,30,104,46,42,2003
2017-01-24 12:00:00,2017wk05,482,42,63,49,35,9,101,28,121,75,8,21,12,13,52,18,144,75,12,13,8,26,14,45,40,14,1520
2017-01-31 12:00:00,2017wk06,417,20,50,25,8,9,28,24,118,56,6,22,18,0,27,2,132,37,9,11,17,32,20,34,31,12,1165
2017-02-07 12:00:00,2017wk07,408,85,72,60,18,3,108,36,88,81,1,22,10,5,76,1,139,51,15,32,16,14,13,79,33,22,1488
2017-02-14 12:00:00,2017wk08,444,66,55,51,22,5,83,55,96,118,4,26,23,9,37,2,144,75,17,16,5,20,24,26,27,9,1459
2017-02-21 12:00:00,2017wk09,220,23,40,28,22,4,53,24,69,165,1,16,15,4,55,1,225,49,26,16,5,22,19,43,20,4,1169
2017-02-28 12:00:00,2017wk10,427,51,108,71,10,5,67,33,91,138,7,16,27,2,44,10,273,75,10,28,6,20,17,54,35,33,1658
2017-03-07 12:00:00,2017wk11,379,100,74,69,28,10,71,49,48,185,2,15,22,5,55,8,234,79,34,8,15,33,16,69,48,16,1672
2017-03-14 12:00:00,2017wk12,469,381,209,82,30,4,61,65,49,154,8,9,34,5,152,13,396,89,45,49,62,14,17,14,91,81,2594
2017-03-21 12:00:00,2017wk13,528,409,176,66,20,2,110,89,76,207,6,11,31,6,178,12,435,85,52,68,108,25,36,39,120,76,2983
2017-03-28 12:00:00,2017wk14,497,509,163,46,23,15,56,79,72,174,6,13,29,3,229,12,425,131,42,52,71,30,28,26,95,69,2908
2017-04-04 12:00:00,2017wk15,664,419,186,66,25,3,51,76,76,146,14,43,29,8,197,20,404,129,50,44,31,21,42,34,99,80,2971
2017-04-11 12:00:00,2017wk16,332,389,152,41,13,10,16,32,50,96,11,8,24,3,269,10,190,103,36,24,23,14,28,20,56,42,2007
2017-04-18 12:00:00,2017wk17,823,627,213,208,48,17,90,134,126,137,11,25,21,3,384,14,199,205,94,71,89,66,42,41,203,103,4010
2017-04-25 12:00:00,2017wk18,751,637,188,130,34,7,108,91,102,120,10,14,9,2,332,28,143,192,138,54,54,71,55,31,161,107,3586
2017-05-02 12:00:00,2017wk19,777,953,242,162,15,7,88,65,104,79,6,22,18,8,229,19,54,240,143,67,43,54,63,26,190,133,3825
2017-05-09 12:00:00,2017wk20,772,567,208,191,48,13,76,46,107,73,4,10,15,0,209,23,47,247,127,66,34,32,19,23,186,93,3255
2017-05-16 12:00:00,2017wk21,845,820,282,250,56,20,101,93,157,80,7,19,17,10,217,18,35,526,154,61,43,25,62,69,451,241,4679
2017-05-23 12:00:00,2017wk22,939,828,214,261,46,17,129,68,120,69,4,9,15,9,214,15,22,268,188,55,42,49,42,46,334,233,4257
2017-05-30 12:00:00,2017wk23,821,729,158,288,75,7,125,77,73,56,3,4,13,10,136,18,31,504,119,71,23,36,56,86,334,343,4218
2017-06-06 12:00:00,2017wk24,914,718,238,344,70,15,127,83,121,59,6,5,16,8,107,18,34,424,134,65,17,24,49,69,369,399,4456
2017-06-13 12:00:00,2017wk25,1032,871,219,426,78,18,103,73,151,53,2,2,16,6,82,14,19,290,175,60,27,33,82,85,336,445,4722
2017-06-20 12:00:00,2017wk26,1267,1139,344,652,96,30,121,90,149,57,5,8,17,3,83,20,29,444,200,122,26,63,114,120,555,460,6239
2017-06-27 12:00:00,2017wk27,1338,1444,289,585,117,24,106,61,87,63,5,4,19,10,57,35,21,306,155,60,34,34,85,89,314,298,5666
2017-07-04 12:00:00,2017wk28,1779,1802,598,1002,204,80,287,117,464,86,27,8,44,25,85,55,33,564,341,244,123,278,168,920,632,52,9974
2017-07-11 12:00:00,2017wk29,1762,2631,703,869,204,58,192,138,378,111,27,2,31,12,43,42,19,681,284,116,63,305,137,649,671,32,999
2017-07-18 12:00:00,2017wk30,1972,2471,660,922,183,71,261,147,458,93,20,3,16,19,85,50,42,569,285,172,56,290,155,728,807,55,10441
2017-07-25 12:00:00,2017wk31,1958,2135,616,1062,175,85,332,127,489,86,16,10,8,15,60,78,35,486,394,177,48,298,109,715,441,58,9899
2017-08-01 12:00:00,2017wk32,1713,1315,562,687,145,48,288,121,304,73,28,0,16,10,42,33,21,477,392,112,24,146,96,552,439,48,7752
2017-08-08 12:00:00,2017wk33,836,918,310,670,150,49,233,116,329,65,12,0,11,13,67,24,26,423,290,71,20,143,80,445,431,41,5773
2017-08-15 12:00:00,2017wk34,674,683,295,518,148,40,229,63,233,88,11,1,9,2,51,17,15,341,311,57,23,102,113,339,419,30,4812
2017-08-22 12:00:00,2017wk35,397,385,223,344,45,22,127,59,163,64,8,4,4,16,37,26,14,246,199,34,7,68,59,256,395,25,3227
2017-08-29 12:00:00,2017wk36,358,410,158,252,34,9,110,28,95,48,6,0,4,3,34,11,9,148,105,20,12,48,53,133,217,29,2334
2017-09-05 12:00:00,2017wk37,273,227,73,179,26,10,67,55,88,46,3,3,7,1,32,11,16,161,89,19,4,60,77,167,198,26,1918
2017-09-12 12:00:00,2017wk38,219,245,170,206,35,8,70,48,66,75,15,0,10,5,33,13,8,102,75,20,9,65,62,160,126,26,1871
2017-09-19 12:00:00,2017wk39,216,196,63,198,32,9,81,55,88,64,1,0,12,4,23,10,13,92,61,10,7,53,67,102,102,29,1588
2017-09-26 12:00:00,2017wk40,185,162,90,182,22,3,36,51,64,97,5,0,16,7,21,17,20,73,89,18,12,44,41,123,103,17,1498
2017-10-03 12:00:00,2017wk41,207,206,67,183,30,6,31,47,50,126,6,2,7,6,26,11,16,62,111,14,9,25,61,78,93,28,1508
2017-10-10 12:00:00,2017wk42,234,180,91,239,35,6,50,41,43,131,4,0,9,3,34,8,19,97,119,20,20,53,64,79,60,43,1682
2017-10-17 12:00:00,2017wk43,161,155,80,203,52,7,28,50,43,153,3,3,15,1,45,12,14,71,128,20,11,45,85,58,48,35,1526
2017-10-24 12:00:00,2017wk44,221,238,99,196,60,8,51,36,38,183,4,1,17,6,35,10,21,138,143,25,16,28,147,50,63,53,1887
2017-10-31 12:00:00,2017wk45,253,250,94,183,59,3,57,43,42,128,1,2,23,0,31,11,11,177,193,27,11,32,90,51,56,35,1863
2017-11-07 12:00:00,2017wk46,320,249,134,280,34,8,57,98,51,147,7,3,26,14,74,9,31,229,300,33,24,47,100,105,67,60,2507
2017-11-14 12:00:00,2017wk47,238,345,141,220,63,3,45,60,41,126,5,1,29,5,85,8,34,156,312,40,10,56,73,35,59,48,2238
2017-11-21 12:00:00,2017wk48,320,234,159,201,58,8,109,43,47,108,15,2,19,5,81,5,29,185,232,53,20,39,71,64,68,53,2228
2017-11-28 12:00:00,2017wk49,275,289,64,204,41,6,57,28,40,146,3,1,33,6,97,9,16,119,249,38,15,37,51,44,35,65,1968
2017-12-05 12:00:00,2017wk50,367,323,141,222,67,13,93,48,39,188,6,7,21,5,103,7,30,181,244,51,24,48,71,64,64,115,2542
2017-12-12 12:00:00,2017wk51,346,247,125,224,41,6,49,36,38,191,7,7,34,11,117,24,32,88,212,36,16,40,54,89,74,126,2270
2017-12-19 12:00:00,2017wk52,324,176,105,180,30,9,63,34,32,229,8,3,28,11,117,8,17,87,230,40,9,30,68,60,49,124,2071
2017-12-26 12:00:00,2018wk01,290,184,101,127,36,5,54,35,33,158,8,4,27,7,122,12,25,87,200,26,9,23,47,49,47,153,1869
2018-01-02 12:00:00,2018wk02,260,208,124,157,32,6,18,31,17,230,11,3,26,6,168,0,34,138,149,32,12,24,53,50,51,173,2013
2018-01-09 12:00:00,2018wk03,330,194,120,114,50,2,21,33,44,156,8,4,20,2,143,6,26,133,126,25,9,22,45,46,28,136,1843
2018-01-16 12:00:00,2018wk04,291,162,87,97,24,10,3,36,36,131,6,4,17,1,142,8,12,143,119,24,13,18,53,51,66,150,1704
2018-01-23 12:00:00,2018wk05,278,147,102,113,33,5,20,26,36,120,13,1,8,1,145,10,20,91,143,26,11,10,34,31,43,114,1581
2018-01-30 12:00:00,2018wk06,196,105,103,82,24,4,8,24,29,102,2,2,15,2,132,4,24,83,84,34,5,15,32,42,29,80,1262
2018-02-06 12:00:00,2018wk07,147,130,88,73,20,4,10,25,39,77,5,0,12,0,122,2,19,72,67,25,2,8,33,58,37,74,1149
2018-02-13 12:00:00,2018wk08,138,80,67,67,8,4,14,31,20,68,17,0,12,0,126,6,16,59,57,22,10,10,20,57,28,48,985
2018-02-20 12:00:00,2018wk09,134,89,56,49,17,4,3,40,32,63,6,0,7,0,116,2,21,95,62,39,3,6,35,42,20,28,969
2018-02-27 12:00:00,2018wk10,121,65,86,35,13,3,2,28,23,40,6,4,11,0,109,1,14,42,40,16,3,5,27,23,8,31,756
2018-03-06 12:00:00,2018wk11,102,60,70,29,13,2,2,26,18,47,9,0,11,0,111,1,16,41,23,21,4,3,18,33,29,30,719
2018-03-13 12:00:00,2018wk12,77,41,50,35,21,2,5,31,22,45,6,1,10,2,109,4,4,42,18,10,2,4,21,41,24,26,653
2018-03-20 12:00:00,2018wk13,100,44,73,30,14,2,7,15,19,47,4,1,10,3,104,8,9,38,31,11,5,10,10,37,21,36,689
2018-03-27 12:00:00,2018wk14,75,29,26,52,7,1,9,25,13,28,4,0,8,1,115,0,10,13,12,4,3,6,5,20,22,17,505
2018-04-03 12:00:00,2018wk15,98,53,29,37,12,4,13,19,21,28,4,3,10,2,116,1,12,30,12,10,8,9,15,40,17,38,641
2018-04-10 12:00:00,2018wk16,72,44,16,33,8,6,13,6,8,20,3,1,2,1,133,4,9,15,16,6,4,11,2,28,12,36,509
2018-04-17 12:00:00,2018wk17,98,32,39,34,25,4,16,18,9,22,10,1,5,1,166,0,21,25,13,11,2,5,17,49,17,30,670
2018-04-24 12:00:00,2018wk18,135,46,52,36,26,1,12,18,12,16,1,0,7,0,162,3,23,31,20,20,11,7,13,52,50,44,798
2018-05-01 12:00:00,2018wk19,109,34,35,62,24,5,7,3,7,19,7,0,5,0,165,1,16,32,30,18,2,6,2,61,22,46,718
2018-05-08 12:00:00,2018wk20,116,56,35,63,29,4,13,5,6,29,2,1,1,3,234,1,42,26,29,12,5,5,14,56,26,26,839
2018-05-15 12:00:00,2018wk21,168,53,44,80,41,3,20,5,18,23,1,0,11,1,222,2,34,25,6,20,7,7,24,80,30,58,983
2018-05-22 12:00:00,2018wk22,222,90,55,91,23,3,14,8,10,29,10,1,7,1,187,2,27,37,38,26,11,9,10,62,29,18,1020
2018-05-29 12:00:00,2018wk23,193,76,49,74,19,2,9,8,1,88,8,4,6,2,169,6,25,46,29,17,6,5,19,75,40,14,990
2018-06-05 12:00:00,2018wk24,220,110,93,94,24,3,28,16,12,64,5,1,10,3,147,20,36,33,23,28,11,10,11,35,19,23,1079
2018-06-12 12:00:00,2018wk25,266,120,59,85,16,8,18,11,8,94,11,0,15,4,129,4,33,21,15,7,3,15,18,44,16,24,1044
2018-06-19 12:00:00,2018wk26,278,150,33,65,13,1,11,12,8,109,13,0,25,3,113,10,64,31,11,3,6,12,15,16,23,5,1030
2018-06-26 12:00:00,2018wk27,335,212,93,93,16,1,22,11,14,84,8,4,33,5,131,7,60,52,18,31,2,16,16,59,34,13,1370
2018-07-03 12:00:00,2018wk28,449,235,126,140,33,9,47,26,22,93,13,16,24,8,120,32,52,89,61,45,28,20,17,148,52,37,1942
2018-07-10 12:00:00,2018wk29,431,212,123,119,27,4,36,33,53,77,8,17,26,1,74,17,57,71,34,45,12,20,19,109,55,35,1715
2018-07-17 12:00:00,2018wk30,380,225,85,151,37,10,23,17,35,85,9,34,22,4,77,8,43,60,27,29,5,21,16,67,53,28,1551
2018-07-24 12:00:00,2018wk31,308,180,88,84,24,14,27,27,42,46,3,44,14,4,59,3,23,64,28,17,6,13,20,49,40,20,1247
2018-07-31 12:00:00,2018wk32,343,187,51,120,18,8,13,21,49,69,7,23,21,2,52,5,23,86,22,24,10,24,21,69,39,24,1331
2018-08-07 12:00:00,2018wk33,241,150,51,93,22,5,13,14,30,50,3,10,13,5,31,10,23,45,0,17,8,15,12,37,47,15,960
2018-08-14 12:00:00,2018wk34,201,135,50,76,18,2,10,15,24,38,6,3,14,2,40,1,16,28,4,12,4,11,11,45,31,7,804
2018-08-21 12:00:00,2018wk35,142,94,46,50,14,3,13,11,20,26,9,3,19,5,17,2,9,23,2,9,3,10,16,26,22,17,611
2018-08-28 12:00:00,2018wk36,110,95,64,54,9,5,13,17,36,18,2,0,8,4,16,2,4,28,3,6,1,12,10,30,26,14,587
2018-09-04 12:00:00,2018wk37,102,100,37,96,9,7,11,8,34,21,11,0,4,2,25,2,10,31,12,15,8,8,10,20,22,9,614
2018-09-11 12:00:00,2018wk38,97,92,28,73,7,1,7,7,21,38,14,2,4,1,20,3,7,20,17,6,5,18,7,13,17,10,535
2018-09-18 12:00:00,2018wk39,97,80,22,53,6,3,9,6,13,35,2,2,6,4,15,2,4,20,19,4,1,6,6,24,9,7,455
2018-09-25 12:00:00,2018wk40,91,78,32,51,4,0,6,10,7,21,7,0,9,0,21,0,2,21,17,7,4,7,10,21,9,10,445
2018-10-02 12:00:00,2018wk41,75,46,28,41,4,5,8,18,16,33,2,2,4,2,23,2,10,20,12,5,1,7,9,20,9,13,415
2018-10-09 12:00:00,2018wk42,78,70,26,48,5,2,8,12,18,58,1,1,6,0,19,3,0,16,9,5,0,10,7,17,29,8,456
2018-10-16 12:00:00,2018wk43,92,53,16,52,7,5,8,5,7,58,1,3,6,5,40,2,1,12,40,6,3,8,6,21,19,6,482
2018-10-23 12:00:00,2018wk44,127,68,17,52,7,1,10,13,6,54,5,0,6,1,34,1,2,20,46,10,4,14,7,21,20,6,552
2018-10-30 12:00:00,2018wk45,133,72,31,83,8,2,4,11,13,82,2,0,6,0,21,3,7,50,65,13,1,13,3,21,12,12,668
2018-11-06 12:00:00,2018wk46,161,89,44,73,5,2,7,12,21,107,8,1,7,3,34,3,9,41,47,11,7,10,7,33,26,12,780
2018-11-13 12:00:00,2018wk47,199,116,53,89,7,1,15,14,18,105,9,1,8,0,46,5,19,33,62,9,7,18,7,44,37,13,935
2018-11-20 12:00:00,2018wk48,207,139,45,64,13,3,15,16,14,104,6,1,6,0,68,3,19,39,42,11,2,11,6,23,35,9,901
2018-11-27 12:00:00,2018wk49,277,174,60,51,10,6,25,47,23,127,7,3,16,4,58,11,43,57,85,19,7,12,11,42,47,31,1253
2018-12-04 12:00:00,2018wk50,331,201,89,120,20,2,20,24,40,206,4,0,13,1,48,3,37,38,51,16,11,15,13,44,41,21,1409
2018-12-11 12:00:00,2018wk51,292,213,83,75,12,8,26,33,25,270,2,14,9,5,72,5,53,62,59,13,6,11,20,52,24,30,1474
2018-12-18 12:00:00,2018wk52,390,172,76,90,21,3,22,25,41,219,8,4,17,0,50,8,45,51,28,12,9,16,13,36,40,32,1428
2018-12-25 12:00:00,2019wk01,320,151,102,54,7,2,17,19,35,236,13,4,11,1,47,0,26,45,27,18,8,22,8,25,32,22,1252
2019-01-01 12:00:00,2019wk02,299,154,110,53,19,9,16,33,62,247,7,8,7,4,52,6,39,46,20,9,10,20,19,41,42,27,1359
2019-01-08 12:00:00,2019wk03,326,188,93,96,7,10,41,41,51,252,4,6,22,2,55,9,32,66,23,9,9,24,16,49,31,27,1489
2019-01-15 12:00:00,2019wk04,259,161,78,70,19,3,43,37,42,211,8,10,5,5,41,6,5,58,20,19,12,23,13,36,36,36,1256
2019-01-22 12:00:00,2019wk05,341,177,70,69,17,4,30,29,64,190,15,3,7,2,43,4,11,44,16,25,7,12,12,48,41,17,1298
2019-01-29 12:00:00,2019wk06,232,134,53,70,17,8,42,29,54,153,9,4,8,2,36,6,6,36,12,12,7,19,13,48,33,24,1067
2019-02-05 12:00:00,2019wk07,201,118,31,54,14,1,32,20,29,129,3,7,12,0,41,5,21,37,20,16,2,17,10,45,14,20,899
2019-02-12 12:00:00,2019wk08,215,107,42,58,6,4,27,30,29,86,5,2,15,7,48,3,17,31,14,11,3,15,7,34,22,31,869
2019-02-19 12:00:00,2019wk09,144,69,40,47,16,4,19,12,21,86,6,1,4,3,70,4,19,33,15,12,6,17,8,38,29,19,742
2019-02-26 12:00:00,2019wk10,153,108,45,39,24,3,28,20,21,56,5,0,12,0,44,9,18,22,14,16,10,10,9,28,30,21,745
2019-03-05 12:00:00,2019wk11,170,99,42,53,15,1,44,17,13,49,4,4,14,6,44,3,39,43,8,9,4,12,7,33,19,14,766
2019-03-12 12:00:00,2019wk12,173,103,35,52,6,2,50,12,33,57,2,1,7,1,53,7,38,21,14,8,3,23,11,35,28,19,794
2019-03-19 12:00:00,2019wk13,184,101,43,35,7,3,13,9,11,64,3,2,13,1,34,6,30,25,9,12,2,13,13,30,15,17,695
2019-03-26 12:00:00,2019wk14,135,57,49,50,5,3,21,21,22,42,2,4,11,0,24,12,16,33,6,5,6,14,9,64,17,41,669
2019-04-02 12:00:00,2019wk15,166,91,38,35,3,1,35,20,24,54,3,1,1,1,43,3,35,28,9,9,2,9,8,30,16,22,687
2019-04-09 12:00:00,2019wk16,136,64,42,51,7,2,23,8,29,31,1,1,3,0,27,3,17,32,5,5,5,9,3,34,10,17,565
2019-04-16 12:00:00,2019wk17,99,75,35,45,2,1,16,10,15,32,4,1,5,0,19,0,30,24,8,4,4,4,7,13,13,12,478
2019-04-23 12:00:00,2019wk18,178,114,70,61,3,2,50,42,38,44,2,4,7,0,25,5,13,25,6,7,6,15,21,75,48,9,870
2019-04-30 12:00:00,2019wk19,168,100,52,63,8,3,43,23,31,20,1,2,3,1,21,2,10,20,7,8,5,7,8,30,23,16,675
2019-05-07 12:00:00,2019wk20,143,99,73,70,6,1,91,26,21,32,3,1,0,1,20,1,5,24,7,5,6,8,4,43,30,8,728
2019-05-14 12:00:00,2019wk21,192,121,54,45,5,6,133,15,18,30,1,2,4,0,20,3,12,14,7,1,5,9,3,30,13,17,760
2019-05-21 12:00:00,2019wk22,152,32,63,60,7,6,139,21,25,32,0,0,3,1,13,3,10,28,5,7,0,4,4,47,14,16,692
2019-05-28 12:00:00,2019wk23,211,102,92,58,2,3,223,24,35,9,7,1,4,1,25,2,20,29,3,7,6,13,10,65,30,7,989
2019-06-04 12:00:00,2019wk24,233,141,99,64,8,5,278,20,42,14,4,1,1,0,22,3,24,31,13,12,9,14,9,78,36,11,1172
2019-06-11 12:00:00,2019wk25,280,152,156,71,12,5,238,35,103,8,1,1,2,1,10,9,25,20,24,15,15,13,10,70,34,11,1321
2019-06-18 12:00:00,2019wk26,279,80,129,62,19,5,148,21,68,16,3,1,0,0,21,3,14,35,18,4,3,35,15,57,24,4,1064
2019-06-25 12:00:00,2019wk27,334,228,153,81,12,7,236,48,82,20,0,0,5,0,10,9,12,37,29,10,6,25,25,72,57,10,1508
2019-07-02 12:00:00,2019wk28,303,60,26,83,10,6,187,25,119,18,1,0,0,0,9,1,8,30,12,4,10,18,11,37,17,3,998
2019-07-09 12:00:00,2019wk29,477,432,220,141,17,13,275,47,131,23,2,0,5,0,20,8,4,53,37,16,15,39,10,77,63,6,2131
2019-07-16 12:00:00,2019wk30,474,453,198,138,14,8,151,78,192,28,1,0,5,0,21,5,20,69,39,18,11,27,8,87,59,6,2110
2019-07-23 12:00:00,2019wk31,489,487,188,134,15,4,186,78,129,21,4,0,1,1,15,9,15,68,29,16,9,22,16,91,51,9,2087
2019-07-30 12:00:00,2019wk32,401,318,196,154,16,7,246,53,223,20,2,2,4,0,19,3,15,47,32,12,9,36,11,85,48,6,1965
2019-08-06 12:00:00,2019wk33,391,372,234,134,15,3,253,94,130,23,1,0,2,1,15,8,12,63,30,26,6,20,0,95,65,11,2004
2019-08-13 12:00:00,2019wk34,389,362,138,87,10,5,160,49,110,19,0,0,4,0,22,7,8,55,30,20,14,29,0,74,34,4,1630
2019-08-20 12:00:00,2019wk35,399,440,206,148,18,10,133,48,172,29,0,0,2,0,22,5,9,67,40,20,7,37,0,88,66,3,1969
2019-08-27 12:00:00,2019wk36,323,368,147,154,15,6,137,27,82,19,2,0,3,1,18,10,6,27,18,12,7,18,0,71,45,7,1523
2019-09-03 12:00:00,2019wk37,297,280,178,139,12,8,120,43,81,19,3,1,2,0,21,9,7,36,27,9,2,29,0,85,57,8,1473
2019-09-10 12:00:00,2019wk38,349,349,151,141,14,13,98,53,90,43,0,0,2,0,14,2,9,31,23,7,13,24,0,75,67,9,1577
2019-09-17 12:00:00,2019wk39,396,386,190,258,15,4,122,39,117,46,6,0,1,0,12,7,11,36,42,10,8,38,0,141,83,4,1972
2019-09-24 12:00:00,2019wk40,420,240,214,246,17,7,90,58,95,46,4,0,12,0,17,0,13,58,57,15,8,34,0,88,110,3,1852
2019-10-01 12:00:00,2019wk41,647,351,178,331,21,13,105,55,116,77,8,0,7,1,24,7,15,103,69,13,13,40,0,77,99,8,2378
2019-10-08 12:00:00,2019wk42,582,357,215,316,34,10,97,47,110,92,6,5,16,3,39,12,5,59,72,15,14,37,0,114,73,10,2340
2019-10-15 12:00:00,2019wk43,587,500,265,383,44,14,130,46,120,142,5,2,22,0,39,7,29,74,87,33,14,69,0,91,66,12,2781
2019-10-22 12:00:00,2019wk44,777,450,224,472,80,15,134,76,147,227,3,15,15,5,52,11,34,102,115,38,8,84,0,112,93,9,3298
2019-10-29 12:00:00,2019wk45,815,532,304,479,99,15,138,47,114,299,13,9,9,5,67,13,49,123,144,33,19,77,0,124,72,27,3626
2019-11-05 12:00:00,2019wk46,886,473,279,541,154,21,197,45,124,381,3,1,18,8,92,14,62,95,114,31,13,90,0,155,120,35,3952
2019-11-12 12:00:00,2019wk47,891,328,264,448,153,11,182,42,93,449,19,13,9,11,97,11,75,100,118,46,17,82,0,112,85,36,3692
2019-11-19 12:00:00,2019wk48,832,675,230,476,260,28,211,69,124,581,36,5,79,15,113,7,150,154,123,34,29,115,0,135,114,96,4691
2019-11-26 12:00:00,2019wk49,793,487,239,500,212,22,208,60,88,931,28,12,69,14,142,15,196,110,125,67,27,126,0,143,103,92,4809
2019-12-03 12:00:00,2019wk50,802,551,165,409,212,20,106,41,100,769,25,49,68,15,167,16,242,154,128,82,24,88,0,111,113,53,4510
2019-12-10 12:00:00,2019wk51,669,488,147,324,198,19,155,38,69,648,37,11,89,13,150,14,254,118,86,51,21,92,0,74,67,68,3900
2019-12-17 12:00:00,2019wk52,661,371,166,288,159,13,160,29,88,543,27,28,57,11,196,18,286,118,98,39,19,107,0,111,65,132,3790
2019-12-24 12:00:00,2020wk01,616,362,193,273,128,22,221,42,49,425,25,6,43,8,223,9,297,136,100,47,23,84,0,57,74,102,3565
2019-12-31 12:00:00,2020wk02,535,362,168,199,101,16,102,45,49,378,27,36,37,15,264,24,284,113,75,32,15,54,0,73,49,116,3169
2020-01-07 12:00:00,2020wk03,462,201,155,224,76,10,178,37,72,287,21,22,0,3,343,21,263,64,62,42,16,58,0,62,53,140,2872
2020-01-14 12:00:00,2020wk04,481,219,107,174,77,16,193,45,65,307,15,29,36,2,308,14,433,72,87,39,15,62,0,90,46,144,3076
2020-01-21 12:00:00,2020wk05,439,238,98,154,64,38,131,38,48,254,16,18,31,11,228,47,399,170,53,45,21,54,0,88,47,159,2889
2020-01-28 12:00:00,2020wk06,305,155,72,122,35,13,90,36,42,186,12,13,34,8,209,40,305,97,22,32,27,42,0,45,44,87,2073
2020-02-04 12:00:00,2020wk07,247,132,94,104,32,9,93,28,34,158,9,6,19,5,189,43,229,58,15,25,30,30,0,54,30,73,1746
2020-02-11 12:00:00,2020wk08,198,114,66,73,24,9,65,21,34,118,10,14,23,1,197,22,145,43,32,22,22,24,0,70,31,63,1441
2020-02-18 12:00:00,2020wk09,138,87,55,62,23,5,51,12,29,118,6,1,9,5,149,12,91,26,12,20,11,22,0,31,21,57,1053
2020-02-25 12:00:00,2020wk10,175,107,58,51,27,12,29,17,22,96,6,4,21,1,115,11,71,28,19,17,14,15,0,42,25,35,1018
2020-03-03 12:00:00,2020wk11,92,47,35,26,13,5,29,12,3,81,5,0,3,0,108,16,46,23,12,8,10,17,0,21,20,21,653
2020-03-10 12:00:00,2020wk12,81,18,32,41,11,4,9,7,2,34,0,1,9,0,56,15,43,17,13,13,8,9,0,27,12,10,472
2020-03-17 12:00:00,2020wk13,48,10,20,21,10,2,3,2,0,19,3,0,3,1,34,8,22,8,4,9,4,4,0,7,3,8,253
2020-03-24 12:00:00,2020wk14,12,8,9,19,6,5,2,0,0,15,0,0,0,0,23,0,14,1,0,0,1,1,0,6,5,0,127
2020-03-31 12:00:00,2020wk15,2,4,15,6,2,1,1,0,0,17,1,0,2,1,24,0,18,1,0,1,1,3,0,16,6,5,127
2020-04-07 12:00:00,2020wk16,10,7,10,2,0,0,1,0,0,8,0,0,1,0,22,2,7,1,0,2,0,1,0,2,3,9,88
2020-04-14 12:00:00,2020wk17,8,2,8,14,3,0,1,4,0,4,0,0,1,0,23,1,7,1,3,0,1,1,0,0,3,6,91
2020-04-21 12:00:00,2020wk18,8,5,13,14,4,1,7,0,0,9,0,0,1,0,17,0,3,0,2,3,0,4,0,3,5,10,109
2020-04-28 12:00:00,2020wk19,10,3,8,10,7,0,8,3,0,18,0,0,1,0,24,3,1,0,5,0,1,2,0,18,13,2,137
2020-05-05 12:00:00,2020wk20,6,10,12,44,4,0,6,0,0,18,1,0,0,0,14,0,0,1,3,0,1,1,0,30,13,6,170
2020-05-12 12:00:00,2020wk21,24,8,8,32,2,1,8,1,0,9,0,1,1,0,12,1,6,0,3,3,0,6,0,36,14,2,178
2020-05-19 12:00:00,2020wk22,67,21,36,51,1,1,24,5,1,39,0,0,0,1,17,1,2,6,4,2,3,2,0,42,21,1,348
2020-05-26 12:00:00,2020wk23,80,31,37,78,7,0,11,1,0,28,0,0,2,0,13,1,8,7,5,2,1,2,0,77,20,0,411
2020-06-02 12:00:00,2020wk24,81,31,53,65,5,2,10,2,0,23,3,1,0,0,13,0,3,6,6,4,2,1,0,81,24,2,418
2020-06-09 12:00:00,2020wk25,62,48,56,113,8,2,3,4,0,12,2,0,1,0,12,4,4,14,5,8,4,8,0,81,21,2,474
2020-06-16 12:00:00,2020wk26,70,27,64,121,4,2,9,6,0,13,5,1,2,0,27,4,0,22,8,4,8,13,0,145,25,11,591
2020-06-23 12:00:00,2020wk27,58,55,77,150,4,5,1,3,0,10,1,1,1,0,17,2,4,14,2,4,6,8,0,91,29,2,545
2020-06-30 12:00:00,2020wk28,50,43,49,130,10,2,12,6,0,16,0,3,1,1,17,1,1,8,7,3,4,3,0,108,25,4,504
2020-07-07 12:00:00,2020wk29,45,24,41,128,2,3,0,1,0,13,0,2,0,0,14,1,3,11,9,2,2,1,0,78,21,2,403
2020-07-14 12:00:00,2020wk30,82,22,30,149,7,2,3,9,0,8,3,0,6,0,17,1,6,12,2,4,1,7,0,42,20,0,433
2020-07-21 12:00:00,2020wk31,47,18,22,87,5,3,0,6,0,10,1,1,0,0,14,2,1,7,0,0,1,1,0,32,4,0,262
2020-07-28 12:00:00,2020wk32,72,23,28,97,5,4,19,2,6,4,2,2,0,0,16,0,3,12,5,6,0,5,0,75,26,7,419
2020-08-04 12:00:00,2020wk33,53,31,14,105,4,1,15,3,3,6,2,0,2,0,6,0,2,11,10,1,1,3,0,38,17,5,333
2020-08-11 12:00:00,2020wk34,55,50,23,101,2,3,20,8,7,5,0,3,0,1,14,2,0,19,10,3,2,2,0,50,16,5,401
2020-08-18 12:00:00,2020wk35,52,62,28,98,5,3,10,5,5,9,1,0,0,1,9,1,1,24,8,2,0,3,0,30,12,4,373
2020-08-25 12:00:00,2020wk36,71,50,23,89,8,2,9,1,2,6,0,0,0,1,11,1,2,14,7,2,1,0,0,34,17,7,358
2020-09-01 12:00:00,2020wk37,54,39,18,64,4,2,13,3,3,13,0,0,0,1,14,0,2,5,3,3,0,3,0,13,16,7,280
2020-09-08 12:00:00,2020wk38,56,37,25,90,1,2,15,5,4,8,1,0,0,0,9,2,1,4,3,3,2,2,0,22,17,8,317
2020-09-15 12:00:00,2020wk39,44,34,13,69,7,3,10,2,4,19,0,0,0,0,9,0,0,12,0,3,1,1,0,17,11,11,270
2020-09-22 12:00:00,2020wk40,38,37,17,52,3,1,23,2,4,15,0,1,1,0,16,1,0,8,4,2,2,0,0,30,11,14,282
2020-09-29 12:00:00,2020wk41,34,14,10,51,3,0,11,2,4,12,1,0,0,0,16,0,1,3,3,3,1,2,0,10,8,5,194
2020-10-06 12:00:00,2020wk42,44,11,8,54,7,1,7,5,9,10,1,0,0,0,39,0,1,8,2,6,3,3,0,12,8,14,253
2020-10-13 12:00:00,2020wk43,37,5,11,45,1,0,5,1,7,15,0,0,0,0,67,1,0,9,3,0,5,2,0,11,4,5,234
2020-10-20 12:00:00,2020wk44,23,3,5,28,3,0,3,2,5,7,1,0,0,0,67,2,1,10,3,1,2,3,0,11,10,4,194
2020-10-27 12:00:00,2020wk45,9,5,2,24,0,0,1,0,2,8,0,0,0,0,47,0,1,3,2,0,0,0,0,13,7,2,126
2020-11-03 12:00:00,2020wk46,14,6,5,34,6,0,2,1,9,8,2,0,0,0,59,3,0,1,4,1,1,4,0,18,9,2,189
2020-11-10 12:00:00,2020wk47,17,11,4,24,1,0,4,3,2,4,0,0,0,0,49,0,1,6,0,1,0,1,0,9,8,3,148
2020-11-17 12:00:00,2020wk48,16,21,11,27,5,0,3,2,4,6,1,0,0,0,46,1,1,0,1,1,2,5,0,6,12,2,173
2020-11-24 12:00:00,2020wk49,12,11,13,17,2,0,8,0,2,3,2,0,2,1,122,1,1,4,6,1,0,7,0,13,10,2,240
2020-12-01 12:00:00,2020wk50,17,7,10,10,0,0,2,4,3,8,0,1,0,0,133,0,1,9,8,2,0,8,0,4,4,3,234
2020-12-08 12:00:00,2020wk51,6,16,20,12,2,1,5,2,1,7,1,0,0,0,181,0,3,8,0,4,2,7,0,7,8,5,298
2020-12-15 12:00:00,2020wk52,39,13,13,17,2,0,0,2,2,11,0,1,0,1,248,0,2,11,4,1,0,5,0,6,7,0,385
2020-12-22 12:00:00,2021wk01,30,16,6,6,6,0,6,1,2,13,0,1,1,3,278,0,2,3,2,3,3,10,0,1,3,4,400
2020-12-29 12:00:00,2021wk02,35,17,18,18,36,54,90,144,234,378,612,990,160,259,419,678,109,177,287,465,121,197,318,515,834,752,35
2021-01-05 12:00:00,2021wk03,30,20,18,8,1,0,7,4,3,5,2,1,0,2,265,0,1,14,11,0,1,7,1,2,11,9,423
2021-01-12 12:00:00,2021wk04,15,19,17,9,5,3,4,4,9,8,2,0,0,0,173,0,4,13,9,4,0,4,1,7,1,8,319
2021-01-19 12:00:00,2021wk05,26,18,17,13,3,1,3,5,6,13,2,1,3,0,249,1,4,16,9,2,1,0,3,13,4,8,421
2021-01-26 12:00:00,2021wk06,21,20,12,17,1,1,2,3,3,12,3,1,1,0,237,1,4,7,12,3,0,1,0,14,4,9,389
2021-02-02 12:00:00,2021wk07,28,17,10,9,0,0,2,9,4,2,3,3,0,0,274,0,5,10,3,1,3,0,1,9,7,5,405
2021-02-09 12:00:00,2021wk08,40,33,25,12,1,0,4,8,8,7,2,0,4,1,318,3,13,9,12,2,1,0,1,13,7,12,536
2021-02-16 12:00:00,2021wk09,73,45,15,11,3,1,8,4,9,7,1,0,4,0,241,0,7,25,8,4,0,1,5,13,6,12,503
2021-02-23 12:00:00,2021wk10,51,25,14,15,1,0,1,7,12,3,0,1,3,0,155,1,8,10,9,2,2,0,2,9,11,12,354
2021-03-02 12:00:00,2021wk11,75,38,20,10,8,1,6,3,9,9,0,5,3,0,171,2,9,38,8,5,5,2,0,23,19,9,478
2021-03-09 12:00:00,2021wk12,95,55,25,9,2,3,3,9,5,7,0,0,2,0,95,1,12,43,8,2,0,2,1,20,10,22,431
2021-03-16 12:00:00,2021wk13,145,45,49,16,1,2,6,15,5,4,0,0,0,0,72,1,3,35,12,10,3,3,10,21,10,14,482
2021-03-23 12:00:00,2021wk14,57,53,28,16,0,2,13,5,12,2,1,1,2,0,83,1,2,48,19,9,2,2,5,26,16,19,424
2021-03-30 12:00:00,2021wk15,82,34,32,18,1,1,8,12,6,0,2,2,0,0,48,0,2,31,8,2,2,0,3,7,15,9,325
2021-04-06 12:00:00,2021wk16,88,46,22,20,1,3,5,8,10,0,0,0,2,0,44,0,3,54,16,10,2,4,2,17,18,10,385
2021-04-13 12:00:00,2021wk17,91,36,21,11,1,0,6,5,0,4,0,1,1,0,58,1,1,11,4,5,0,2,5,3,19,19,305
2021-04-20 12:00:00,2021wk18,57,37,46,29,2,3,13,17,32,5,1,1,2,0,71,5,7,34,18,9,3,9,4,26,30,20,481
2021-04-27 12:00:00,2021wk19,125,27,27,12,4,2,4,6,7,2,0,1,0,0,57,0,5,21,6,4,3,8,2,7,10,11,351
2021-05-04 12:00:00,2021wk20,84,20,14,15,5,0,11,4,4,5,0,0,1,2,27,0,2,18,6,9,6,2,3,13,18,12,281
2021-05-11 12:00:00,2021wk21,36,10,18,9,1,1,3,7,4,2,1,0,0,0,29,1,0,13,1,7,0,3,2,10,7,8,173
2021-05-18 12:00:00,2021wk22,34,15,20,5,0,2,1,5,3,2,0,0,0,0,16,2,1,15,4,8,5,2,0,8,9,8,165
2021-05-25 12:00:00,2021wk23,42,10,11,8,0,1,1,2,4,1,0,0,2,0,19,1,0,3,0,6,0,0,0,3,4,8,126
2021-06-01 12:00:00,2021wk24,75,19,25,6,2,0,0,5,5,0,1,0,0,0,18,0,1,11,5,2,0,2,1,7,2,2,189
2021-06-08 12:00:00,2021wk25,123,38,22,6,3,2,3,8,11,3,0,0,0,0,10,0,1,11,7,1,1,2,4,0,9,5,270
2021-06-15 12:00:00,2021wk26,149,42,26,8,5,1,4,9,22,4,0,0,0,0,12,1,0,21,2,0,2,15,2,9,6,5,345
2021-06-22 12:00:00,2021wk27,191,86,39,20,7,0,21,17,55,3,0,1,2,0,10,4,0,30,13,11,5,21,8,5,8,2,559
2021-06-29 12:00:00,2021wk28,200,78,51,34,7,0,15,22,40,0,0,0,1,0,6,0,1,70,10,9,1,11,4,22,13,3,598
2021-07-06 12:00:00,2021wk29,223,121,55,25,13,2,9,14,10,0,0,1,0,0,10,1,0,42,7,5,1,6,9,21,10,2,587
2021-07-13 12:00:00,2021wk30,216,104,42,25,7,1,10,8,34,0,1,0,2,0,4,1,0,15,7,3,3,13,5,12,18,0,531
2021-07-20 12:00:00,2021wk31,13,11,69,17,11,2,12,10,11,2,0,1,0,0,1,2,0,36,7,5,1,1,2,7,12,1,46
2021-07-27 12:00:00,2021wk32,18,10,73,28,20,0,14,14,16,2,0,1,0,0,5,1,0,43,10,5,1,16,5,23,17,0,58
2021-08-03 12:00:00,2021wk33,10,53,34,20,12,0,13,7,13,1,0,0,0,0,1,2,0,46,10,3,3,6,2,12,11,1,35
2021-08-10 12:00:00,2021wk34,82,19,16,18,17,1,4,2,10,1,0,0,0,0,0,0,2,21,4,9,5,2,2,8,8,0,23
2021-08-17 12:00:00,2021wk35,48,24,10,13,4,1,4,5,4,1,0,1,0,0,6,1,0,5,3,1,0,9,6,12,3,0,16
2021-08-24 12:00:00,2021wk36,50,17,23,17,0,0,3,0,4,0,1,0,0,0,1,0,0,5,1,1,0,0,1,1,3,2,13
2021-08-31 12:00:00,2021wk37,62,14,10,8,0,0,5,3,1,0,0,0,0,0,1,0,0,2,0,1,0,2,0,1,1,0,11
2021-09-07 12:00:00,2021wk38,49,27,15,8,3,1,9,5,6,0,1,0,0,0,1,1,3,13,5,4,1,3,2,3,2,0,16
2021-09-14 12:00:00,2021wk39,59,50,29,7,5,2,11,6,7,0,0,0,0,0,0,0,0,9,0,4,2,3,0,8,1,0,20
2021-09-21 12:00:00,2021wk40,75,32,30,9,1,0,16,2,9,1,0,0,0,0,1,1,2,23,1,0,1,6,1,1,2,1,21
2021-09-28 12:00:00,2021wk41,13,42,30,13,7,0,18,7,6,0,0,0,0,0,3,2,1,16,1,2,0,13,7,3,5,1,30
2021-10-05 12:00:00,2021wk42,14,79,30,23,5,2,10,9,16,0,0,0,1,0,2,0,0,23,6,1,0,30,5,7,6,2,40
2021-10-12 12:00:00,2021wk43,132,93,36,12,9,0,20,10,14,0,0,1,0,0,2,5,3,27,3,1,0,11,5,10,12,6,412
2021-10-19 12:00:00,2021wk44,19,12,36,29,8,0,12,5,10,0,0,1,1,0,7,0,2,35,6,3,3,38,1,8,5,0,52
2021-10-26 12:00:00,2021wk45,190,104,38,25,3,1,14,9,5,2,0,1,1,1,8,1,0,57,3,2,2,25,2,16,11,5,526
2021-11-02 12:00:00,2021wk46,24,15,29,27,16,1,17,6,6,6,0,1,0,0,3,0,3,33,7,2,2,30,7,10,15,1,61
2021-11-09 12:00:00,2021wk47,23,15,43,25,5,4,15,6,10,1,0,0,0,1,2,0,11,54,4,5,3,55,2,18,8,4,66
2021-11-16 12:00:00,2021wk48,20,20,41,32,7,5,20,4,20,4,0,1,3,0,9,1,6,53,12,4,2,50,4,18,26,7,74
2021-11-23 12:00:00,2021wk49,24,21,39,47,7,0,13,9,11,10,1,7,3,0,11,2,20,96,16,1,3,67,3,17,14,4,86
2021-11-30 12:00:00,2021wk50,309,218,76,46,14,2,31,12,26,11,3,30,4,0,12,3,22,67,37,9,2,34,5,13,23,10,101
2021-12-07 12:00:00,2021wk51,34,24,93,47,11,2,22,12,14,40,1,63,3,0,28,10,10,64,30,2,5,46,4,25,36,8,11
2021-12-14 12:00:00,2021wk52,40,43,20,72,4,7,44,25,31,74,9,18,3,0,25,1,30,23,90,13,8,78,14,47,42,10,20
2021-12-21 12:00:00,2021wk53,40,43,20,72,4,7,44,25,31,74,9,18,3,0,25,1,30,23,90,13,8,78,14,47,42,10,20
2021-12-28 12:00:00,2022wk01,40,43,20,72,4,7,44,25,31,74,9,18,3,0,25,2,30,23,90,13,8,78,14,47,42,10,20
2022-01-04 12:00:00,2022wk02,47,48,10,10,18,2,80,40,17,11,9,37,3,2,34,16,33,19,13,15,8,81,9,72,49,3,21
2022-01-11 12:00:00,2022wk03,31,32,75,78,12,6,59,17,25,91,1,18,3,2,30,5,19,11,87,14,5,47,4,72,49,10,14
2022-01-18 12:00:00,2022wk04,30,28,88,53,12,12,84,19,21,92,7,26,7,6,31,5,37,21,12,16,7,60,13,51,33,14,16
2022-01-25 12:00:00,2022wk05,20,17,64,66,13,5,76,28,29,11,7,29,8,2,11,5,21,11,88,14,6,63,11,49,65,7,12
2022-02-01 12:00:00,2022wk06,13,90,56,41,15,3,52,30,27,66,3,13,3,1,23,0,33,58,52,14,4,21,11,69,29,15,86
2022-02-08 12:00:00,2022wk07,12,63,25,30,7,4,21,4,8,55,3,8,0,1,26,1,3,29,38,7,0,8,3,28,5,14,51
2022-02-15 12:00:00,2022wk08,12,10,36,15,8,2,30,12,24,57,1,4,3,2,26,1,37,80,78,7,0,10,4,27,10,12,71
2022-02-22 12:00:00,2022wk09,11,71,44,25,12,2,73,12,16,44,1,0,6,1,10,2,34,42,54,8,1,13,4,26,32,21,67
2022-03-01 12:00:00,2022wk10,60,42,59,28,6,5,55,9,20,51,3,3,2,2,15,3,26,21,36,1,2,4,8,38,16,27,54
2022-03-08 12:00:00,2022wk11,98,78,36,24,2,2,53,11,23,46,2,0,2,1,21,1,21,32,35,13,2,15,5,35,19,17,59
2022-03-15 12:00:00,2022wk12,88,56,45,23,9,2,29,4,9,82,0,0,2,0,28,1,23,40,27,4,2,6,3,41,23,16,56
2022-03-22 12:00:00,2022wk13,10,60,64,22,8,5,39,16,8,68,5,2,0,2,36,1,32,25,13,12,2,16,11,36,19,20,62
2022-03-29 12:00:00,2022wk14,10,45,38,15,3,2,29,9,16,80,4,1,2,0,35,2,36,22,26,5,1,13,2,44,18,23,57
2022-04-05 12:00:00,2022wk15,10,63,53,37,8,0,39,16,18,94,2,1,0,3,43,2,50,36,26,6,1,8,11,44,27,28,72
2022-04-12 12:00:00,2022wk16,27,45,29,19,6,1,8,5,0,73,0,0,2,0,40,0,29,12,8,0,1,8,4,10,21,19,36
2022-04-19 12:00:00,2022wk17,13,84,92,39,9,6,72,36,42,84,2,1,0,2,38,7,90,24,26,7,4,10,10,72,39,36,96
2022-04-26 12:00:00,2022wk18,13,97,91,40,7,2,13,25,34,11,5,3,0,3,40,3,73,14,21,7,1,6,7,46,29,39,98
2022-05-03 12:00:00,2022wk19,12,79,93,60,14,0,73,26,35,85,3,0,1,0,49,5,89,22,30,4,1,7,6,40,43,20,90
2022-05-10 12:00:00,2022wk20,11,64,73,61,15,8,83,24,18,97,3,1,0,0,64,2,50,19,21,4,0,3,8,38,45,29,84
2022-05-17 12:00:00,2022wk21,25,10,13,86,7,4,10,39,35,11,5,1,0,1,65,0,21,35,34,5,1,9,10,72,55,40,12
2022-05-24 12:00:00,2022wk22,29,77,97,11,36,1,12,19,55,11,2,5,0,1,43,3,18,59,28,10,2,21,10,73,36,21,12
2022-05-31 12:00:00,2022wk23,29,90,97,11,36,1,12,19,55,11,2,5,0,1,43,3,21,60,28,12,2,24,10,76,44,21,12
2022-06-07 12:00:00,2022wk24,31,72,83,12,21,8,11,20,58,10,0,5,5,1,33,4,16,44,23,3,1,31,12,40,68,37,12
2022-06-14 12:00:00,2022wk25,43,21,11,19,61,5,11,24,44,97,5,0,0,1,31,10,6,64,49,5,2,33,14,46,12,35,17
2022-06-21 12:00:00,2022wk26,58,17,14,21,61,10,15,53,82,67,4,4,0,4,29,8,20,86,34,13,9,51,23,84,11,31,20
2022-06-28 12:00:00,2022wk27,58,15,13,19,46,10,12,92,60,51,4,2,3,0,26,4,4,63,29,8,0,24,22,53,97,15,17
2022-07-05 12:00:00,2022wk28,84,18,11,27,34,10,10,85,81,60,2,2,1,0,30,1,8,67,16,4,9,30,15,42,12,17,21
2022-07-12 12:00:00,2022wk29,13,72,35,20,20,5,13,57,63,48,2,1,0,1,28,6,6,53,10,0,1,21,16,80,84,25,10
2022-07-19 12:00:00,2022wk30,48,19,13,23,34,11,15,93,76,39,1,0,4,1,14,2,6,10,21,10,7,36,16,12,12,38,19
2022-07-26 12:00:00,2022wk31,38,17,17,23,36,9,15,76,59,46,1,1,0,1,8,4,1,61,36,25,7,36,11,13,11,28,18
2022-08-02 12:00:00,2022wk32,29,11,93,24,38,7,10,11,61,29,1,0,1,0,9,3,4,90,13,14,3,27,15,10,11,33,15
2022-08-09 12:00:00,2022wk33,98,49,66,19,15,4,52,34,60,34,0,3,0,0,11,4,4,30,15,7,4,15,3,39,89,18,84
2022-08-16 12:00:00,2022wk34,19,11,81,19,21,3,48,81,33,53,3,0,1,0,13,4,3,58,27,4,5,24,20,74,12,34,12
2022-08-23 12:00:00,2022wk35,16,94,74,18,23,7,50,36,44,38,4,0,2,1,13,0,1,30,33,6,3,21,7,36,93,35,99
2022-08-30 12:00:00,2022wk36,33,46,13,39,25,8,68,30,37,33,1,0,0,1,3,0,0,27,17,4,2,7,3,6,34,24,46
2022-09-06 12:00:00,2022wk37,83,73,32,11,13,3,56,34,43,29,0,0,0,0,1,0,2,28,15,1,0,13,8,17,50,25,63
2022-09-13 12:00:00,2022wk38,21,9,23,0,0,0,0,0,0,0,0,0,0,0,0,0,0,0,0,0,0,0,0,0,0,0,53
2022-09-20 12:00:00,2022wk39,81,58,39,90,43,2,39,16,25,47,4,0,0,1,13,3,5,23,35,1,5,14,7,22,36,20,62
2022-09-27 12:00:00,2022wk40,58,37,30,100,21,2,27,16,21,58,3,2,0,0,10,3,2,16,29,7,3,21,6,22,21,20,535
2022-10-04 12:00:00,2022wk41,12,70,50,11,35,4,33,13,29,52,1,3,3,1,7,0,7,19,44,1,3,23,8,29,30,31,72
2022-10-11 12:00:00,2022wk42,10,11,43,87,39,4,23,19,25,66,2,3,2,0,18,1,6,37,35,4,0,25,13,29,37,32,77
2022-10-18 12:00:00,2022wk43,12,86,44,97,23,4,38,12,16,51,2,5,1,0,15,2,5,25,33,2,0,27,10,19,28,27,70
2022-10-25 12:00:00,2022wk44,86,82,24,58,30,0,24,7,23,63,3,1,1,0,14,1,7,13,40,6,3,23,8,18,32,28,59
2022-11-01 12:00:00,2022wk45,11,86,18,96,30,4,28,18,24,72,0,5,1,0,12,0,8,37,28,6,1,63,13,26,43,13,74
2022-11-08 12:00:00,2022wk46,56,44,27,84,22,2,27,11,30,65,0,11,1,0,19,0,0,11,40,4,0,45,3,12,26,27,56
2022-11-15 12:00:00,2022wk47,71,76,48,82,42,5,34,21,19,79,2,15,2,2,13,2,6,29,49,7,0,62,5,22,28,41,76
2022-11-22 12:00:00,2022wk48,10,31,61,79,25,1,22,18,17,86,1,6,0,0,12,2,4,26,86,3,3,56,8,18,22,50,74
2022-11-29 12:00:00,2022wk49,79,49,29,10,39,2,39,6,31,12,2,12,1,1,13,8,10,27,37,3,3,41,3,14,26,56,75
2022-12-06 12:00:00,2022wk50,17,54,16,69,23,2,21,15,16,14,0,11,1,1,13,3,15,35,15,2,2,55,3,22,11,11,97
2022-12-13 12:00:00,2022wk51,25,10,48,73,19,5,38,18,27,17,6,1,0,0,8,0,12,58,11,3,2,51,7,41,66,17,12
2022-12-20 12:00:00,2022wk52,20,11,64,64,27,4,28,9,34,13,1,10,0,1,10,4,21,66,90,5,9,41,9,35,43,19,12
2022-12-27 12:00:00,2023wk01,25,23,74,50,25,3,28,13,22,12,8,7,1,4,23,3,23,51,21,9,9,29,5,26,46,17,14
