Date,Colombo,Gampaha,Kalutara,Kandy,Matale,NuwaraEliya,Galle,Hambantota,Matara,Jaffna,Kilinochchi,Mannar,Vavuniya,Mullaitivu,Batticaloa,Ampara-Kalmunai,Trincomalee,Kurunegala,Puttalam,Anuradhapura,Polonnaruwa,Badulla,Monaragala,Ratnapura,Kegalle,SRILANKA
2007-01-01,9.845996405862538,3.0004066025787948,5.384193672314205,8.41088672773501,5.070781530147179,1.6167119865537263,2.386880320590459,1.0874885762232522,3.7066663933475934,0.0,0.0,2.5073645629960657,3.0662103947386123,0.0,0.19211388259007303,0.0,2.273842019944178,3.278790489059964,5.700562276887899,0.5023858237656111,2.291806283389462,0.7058192543040588,1.1810810738368493,1.3767612194199286,4.217509561516577,3.8254825623141735
2007-02-01,5.121039034460473,1.733933279427137,2.06265945557835,1.955466244381095,1.4775598514437607,0.0,0.8585334464008648,1.0866723834697258,1.110963764959031,0.0,0.0,0.6265406737880033,2.450209339539863,0.0,0.3839315263797941,0.16340525843479192,0.5675695355251051,1.441680216387824,1.4568626545159904,0.37658583933557166,1.0172936858844868,0.35254609247111784,0.0,0.8253033282956279,0.9919253715826475,1.5729453960860451
2007-03-01,1.7865520252247005,1.0305874112991882,1.70308044459268,1.157778099932677,0.6326269822108295,0.13455090877007236,0.3813076123431093,0.9048655236717562,0.9867856184130183,0.0,0.0,0.0,0.0,0.0,0.5754536206760248,0.0,1.4173081987019625,1.5064394816113664,0.3970530838536421,0.501707930570058,0.5083068665241621,0.35222677393695995,0.23566682120228713,1.1911213273873558,1.7352668442876353,0.9660900535749327
2007-04-01,1.2978172541345283,0.7023439233928264,0.8958485793253493,1.0121182393311678,0.2106717319979278,0.0,0.0,0.9043646974356169,0.739385655621133,0.0,0.0,0.0,0.0,0.0,2.1083090246629173,0.0,1.1313777958370026,1.0474002036926555,0.3966514873490954,0.5011939593553267,2.5380799694923057,0.11732198152339067,0.0,0.5492196939351441,0.37168261715855466,0.7051798076148795
2007-05-01,2.4303923030185794,0.9828250841397536,1.3429506425523017,0.7220251682758415,0.42073317929440973,1.0748307002917634,0.38057903438976093,0.361452032533625,1.2315122672092134,0.0,0.0,0.0,0.0,0.0,4.9784140672888,0.0,0.2826036599490387,1.1120980608457316,0.6605067602341381,1.6271931726069464,0.0,0.46847851509006533,0.9406323994632599,1.2803791163238327,2.8481309229962513,1.1941842987799745
2007-06-01,4.53118913201701,1.5906507646058725,2.1472747969351804,1.4427293375643637,0.840806750079266,0.0,0.3803195134003302,0.5417255326106103,1.353529693007174,0.0,0.0,0.0,0.6098373766995467,0.0,1.7219388492816747,0.4881562355178328,1.4096052421105028,3.530282534572443,0.7920211385108923,3.751806945861693,1.5197495286574267,0.1170043061420867,0.23477792317758447,1.735769880211575,3.3422338274667034,1.8671119582413696
2007-07-01,6.46582084412947,1.7769511997218153,3.4872743542624676,2.449922410140519,1.4695255826593907,0.6708899931280503,0.5700905418968913,1.0826721211983072,1.967190152574303,0.0,0.0,0.0,0.6096951524237881,0.0,0.7642853296363029,0.0,1.9704513153160317,7.448466360365696,1.054732297396099,5.747776754810364,0.5059091851544681,1.051974300852817,1.641865748632482,5.111114011572515,2.350932904947668,2.912927551256481
2007-08-01,5.045403184003787,2.6642703082821773,3.0383495510963265,1.1518163112254767,1.4681612819947953,0.402162447257384,0.6646052720024328,2.163384364857727,1.2284105715839713,0.0,0.0,0.0,0.6085597419440657,0.0,0.763824767734968,0.0,0.28100886790279855,2.481350030779651,1.1855839293347938,0.24954743958190576,1.5165048437152142,0.9340801430417762,2.3427929563372407,3.1009403700594445,1.9788764598399586,1.9934173967070454
2007-09-01,6.492064117592518,3.45754325600455,3.929917164922468,1.366438368535371,0.41916476873509056,0.13403353035529872,0.6641400718844375,1.8016865416302463,2.823187182972543,1.524174437910418,0.0,0.0,2.433389325364158,0.0,0.381536170398604,0.0,0.0,4.960243354049463,1.579708438016186,2.618935757063717,1.0100470709176292,1.3997447959489464,1.1704210353674172,4.191351037218553,5.686857219351232,2.8732902866558856
2007-10-01,8.175023192314608,4.903613837014204,3.123738192181627,2.514321758678484,1.674645543007753,0.26777875961363806,0.7582948566070185,2.8801988062489543,4.047358133044194,11.806412367419714,0.0,0.0,4.25355318193794,0.0,0.3811190632455126,0.0,0.0,6.978712777670593,3.551343773276346,2.8654610380641,0.7568499345891049,1.165338783269409,1.4026842559829227,3.641478924701631,7.168261363980179,3.930372739917351
2007-11-01,7.683178523709539,6.628694860702371,4.3710212412068055,1.7940953914672404,1.6725360798417421,0.0,0.7576595830294928,1.6191497618800588,4.901665550440029,5.708692567296085,0.0,0.0,3.6406238347412447,0.0,0.0,0.3234894497740789,1.1181461991430601,4.106506208578446,10.774097830731227,2.36505984506309,1.5116333210840898,0.8147896838629104,1.167473206638463,2.4552597645031558,4.817846761631005,3.7876850251444187
2007-12-01,9.443889760487792,5.87953271782941,4.190122477187767,1.792472639048258,3.3425160852418907,0.5349821370207385,0.6625256896834972,2.157062393705832,2.9390935608164894,3.2328835662397246,0.0,0.0,3.6387941406254845,0.0,0.38041190955258897,0.3230846640713964,0.8374606479559419,5.472262503215928,17.198734649176956,6.714866509381363,1.2585624554277222,1.744131183517677,1.8655950504269518,2.2717590768687588,4.198653901332787,4.380781062901712
2008-01-01,7.706537830466053,6.110353538570208,5.167644850040424,1.5757236977297722,1.8780362025020894,0.2672039949187437,1.8915878142321643,3.412331056232647,4.649195948941786,0.3801017758853463,0.0,0.0,5.451657396828778,0.0,3.2292514248884636,0.3224570167439771,6.686565058733757,4.036696005054519,5.641009172673054,4.1004003024468565,3.269187307488693,1.161409363201144,0.6987489480797637,1.3618436738821438,3.8265093657837816,3.746710947218337
2008-02-01,5.372111237646736,3.077081858975303,4.808542577528113,1.4309158771911792,1.875690535432334,0.2671016205982565,0.5668628077797577,3.0512336429645686,2.322549813044922,0.5697109005732421,0.0,4.357958134025926,0.6048986877334479,0.0,2.4681398120332916,0.8058294643827644,17.249844178582382,1.3012796783816842,7.076525098403391,2.6064930204291374,2.0093589361527013,0.11603318675953549,1.3960053598314133,2.4491827103483685,3.3311343710166668,2.885582006002644
2008-03-01,5.125685822905902,2.563172100774678,3.3818715822625585,1.4297019601378043,1.4575867343756854,0.13343833398958743,0.7554189480793202,0.35872420062772437,2.076623128725075,0.0,0.0,3.1111550306953273,0.0,0.0,2.2762611232498084,0.96545094955391,6.944648043738759,2.405909481444848,6.678620694941838,2.108526624319887,1.254756849010275,0.5795152467025819,1.1619933608418034,0.9968599849520889,3.823260009592934,2.4076619325262003
2008-04-01,6.87985429080862,4.798077046949305,4.891812549783891,1.4995962979793858,3.3280058083184865,0.26669290031624093,1.2263845456719578,1.2546892192985535,2.9291913491391464,0.9485994143844766,0.0,1.8656124749979028,0.0,0.0,3.22152708315828,1.2859026263414242,6.381062001305257,1.689765176398932,4.317640789668189,1.486747356642044,2.506626347049504,1.5049555113372572,1.856590070068974,0.8146730725659811,7.27324076837213,3.1628777966689117
2008-05-01,4.235549895764027,2.654004925831453,4.177573670161253,1.1412152156222533,1.2464525783810674,0.6664773100902672,0.5656193200844281,0.35817127406080806,1.8293325637013143,0.7582467208244406,0.0,0.0,0.0,0.0,1.1357818658007215,0.32116462274427926,1.3842142145421699,1.2988617166907646,3.790962816725326,0.7428983183298996,1.5025230901892082,0.6939405143740406,0.6958968703654409,0.995016213418581,4.435968723232071,1.9485031454369546
2008-06-01,4.430306511382164,2.1876346696553313,2.398787835637197,1.2114958521720585,1.0378033539421603,0.13321395033958638,0.4709842884946693,0.5369044518362325,2.924640029491216,0.18949984467225844,0.0,0.6211812627291242,0.0,0.0,0.567541589477568,1.6036954092461342,1.9359521623021958,0.7790101413199363,1.8287460701857112,0.12363194162950954,2.001247555417074,0.46207419208549866,0.9267523949786343,0.7231585064445729,5.296771867152794,1.7592438654521316
2008-07-01,6.577065475511482,2.698207443933579,3.5510410880804857,2.0644046953373687,2.0732783009698057,0.5323668267553994,0.9410807177114975,1.9668735395056658,4.991507936093715,0.0,0.0,0.0,0.6021214470710503,0.0,0.1890280849124515,0.8009186424328768,0.27596739804327775,1.2324242732835655,1.56587042737147,0.0,0.7496748081697507,1.3849267661428355,1.3881259850968704,5.689508518522109,5.540207284450627,2.646186334607137
2008-08-01,4.061288187768343,3.4871448341707536,2.04047626797803,2.1332505795849546,1.8638005445280357,0.3991121205455215,0.9404289006497647,1.428890458186382,3.5276454043295002,0.0,0.0,0.0,0.0,0.0,0.0,0.31990254838720783,0.5514969882024432,1.1667106088260293,0.3910109529761123,0.24680088577852158,0.24969216035025313,1.0372607887954288,0.46212768651283515,1.8035246942778933,2.706881268785491,1.8298625074365673
2008-09-01,4.215270404465232,1.998253325552431,3.369281397009864,1.7757618851160482,6.204638027445705,0.26585768237654916,0.5635905565894884,1.9629753715330365,3.402708544826615,0.18903297978123965,0.0,0.0,0.6014963251046439,0.0,0.0,0.31941755871635724,0.0,1.7486289169101057,0.39058786526427336,0.6164770440431155,0.7483001040464629,1.0360369548605939,0.2309103561713165,1.171047971291415,6.024969248920321,1.9857829605687107
2008-10-01,2.899373240830078,1.9041456046769345,1.0632242477558438,2.3413612116327487,2.892480303910449,0.3985629914016178,0.6567752289920885,0.35648534747554655,3.6420774356504375,0.5669345151803836,0.0,0.0,0.0,0.0,0.18820933002634932,0.4780525264754043,0.27474595408355285,1.0352516788593231,0.12999038427294418,0.12316725438256088,0.49795361527967263,0.5747622676043498,0.6920670668589868,0.7197016144526155,2.334699990167733,1.3635186965443917
2008-11-01,2.578698183441188,1.3462335272683328,1.8594305017647854,2.6934747118741833,3.9198604404962625,0.13278666458088528,0.2813189107876002,2.1365263955439575,3.032429649307038,0.0,0.0,0.0,0.0,0.0,0.0,0.15917247755231978,1.921139401202194,1.5517883421749363,0.649530956043241,0.12305099030762748,0.0,1.6073733414130469,0.4610041048310704,1.6179677350155968,3.070245402890021,1.5246291531510117
2008-12-01,4.556360609288266,3.2010244137532875,2.6546369523380844,3.9646521594021396,11.126665882590771,0.5306196960065326,0.5621727287247994,6.759474161133466,8.966943077528551,0.18867729462605712,0.0,8.074534161490682,0.0,0.0,0.5632185620382042,0.15885243261827978,0.27396643348245114,1.550298544060531,1.0377887334822076,0.2457540103351344,0.2486206661671548,0.45863999093288876,0.9209395559881227,2.064988665546707,9.204423533049738,2.5352192974071652
2009-01-01,7.044736250607443,3.8485038116081176,4.597902601955465,8.699928174846836,7.821194348596479,0.6629001914916515,0.74860858661337,3.0203052256005147,6.780501907404669,0.18864998966301427,0.0,1.2422360248447204,1.2007763924071455,0.0,1.3120529976354158,4.44281689295844,1.6417283876578008,3.6789784591970482,0.6481745046628944,0.7365677561340731,1.4896524257751125,1.145257645286689,0.9199748175842943,1.4345304795241884,8.217988098152992,3.813985568560204
2009-02-01,6.08841652242275,3.4758572691323053,3.2694931742159157,8.126124010924746,7.813127367938146,1.1925694326148442,1.3090279527274011,1.952472280223129,4.718015642856278,0.0,0.0,0.6211180124223602,0.0,0.0,9.17710014692287,4.280462575056976,3.2809606129718563,3.354089812337802,1.1653942028272266,1.2264002613693141,1.2404418292696227,0.6864881520141615,0.6893223311970083,0.8957902025883471,9.31616379264025,3.6881858666087592
2009-03-01,5.0935461142690635,2.31595101905481,4.238851666672322,9.387345071960914,16.426606813977905,0.3971665181906904,1.1209214260506877,0.8864620253670852,3.021448137137491,0.18840460016930605,0.0,0.0,0.0,0.0,23.93920473877843,3.0084335296252918,1.6372608552669399,3.9313182459375877,3.104901495634952,9.190076494743595,1.7346144174156304,0.5713563818561269,0.4591772772558286,1.4312543266540323,7.962978400915624,3.3807847504813466
2009-04-01,7.21577309217105,2.1756258720497774,3.5295832711996113,9.939141507087315,10.048543879823523,1.0584724707926283,0.559818827320762,15.582394571285441,2.776531995759611,0.0,0.0,0.0,0.0,0.0,7.844388623223365,1.896220910284065,7.359714020434752,2.9617858877370424,0.6458942583468962,5.8754241072721625,0.9899395800657647,1.369006064820757,0.6879077000211059,1.2507955595903706,11.017926861594127,4.346079577216254
2009-05-01,16.465085352149835,20.3572162628235,8.553738604165346,30.493719001893925,14.952099622504889,2.1156565157385603,4.288587966371346,33.444271577728664,20.266754020802942,0.0,0.0,0.6211180124223602,1.1984305484871867,0.0,6.716597694347071,4.733268155995497,5.989669353016181,16.084752227166327,4.775218153628794,7.704679727738739,4.450708751857102,2.1652645776761243,2.5207328263543034,20.97742533395563,45.51632633922655,14.553209554817755
2009-06-01,36.43170862565746,34.91335903196628,19.125833010292396,48.12798564444189,89.81831101607446,10.835004605462526,14.344190135528878,36.59235873273301,31.700786286316387,0.18805127359657078,0.0,0.0,2.3956910438262895,0.0,13.974520820649474,11.817045210236603,16.583739968532605,40.43919043310748,24.23735330827097,17.467613077231576,9.632320019796182,9.789367240139125,12.820121950403443,36.739031524057424,84.37762590872919,30.223866000170812
2009-07-01,25.03585338068787,21.353464703950248,8.456066212855921,38.02693562856302,69.07583363336319,7.262511187166621,11.540738113946713,19.95500775596865,21.55642400454571,0.1878615691845264,0.0,0.0,0.5981155264235969,0.0,10.981062565851223,6.452843249094553,4.888587408409585,28.716400894294022,14.040229529850441,5.857662986910848,6.4169952481165975,3.410677610845865,6.6324422556810045,29.57354264677488,42.53225743603092,19.692581571413733
2009-08-01,13.311807027846328,16.769973089459747,5.10619609782316,21.63242567920152,39.81133402046799,2.3756004386529885,7.812858592723644,11.293179073329537,11.670984212715577,0.0,0.0,0.6205266826473538,3.580479813718289,0.0,7.067701898679025,2.829347928555482,1.084751886497725,21.18743611445939,9.266950622008947,3.1698072310213923,3.699359374761216,3.1801747700286676,3.4278310360614697,17.264381299855263,27.974532282163924,12.204981165020168
2009-09-01,10.590147823510785,10.574118737763323,5.015573815039629,15.436207909777703,25.281195248420154,1.9782183872155328,5.668733630038272,10.225021771106226,11.781604434120348,0.0,0.0,0.0,42.23355636054288,0.0,5.759237463606665,5.338582586018813,1.6249309875199147,10.65010350093062,3.0859197837152443,1.8269956826431277,4.435622959697838,3.4028132634348975,1.8265056137183102,8.623513798889137,16.972068471011635,8.631596559066704
2009-10-01,10.736979489570164,9.876255652917006,5.1006562670947115,8.762810286285571,44.80220857110353,1.5814986715864612,3.249825874768053,8.100858097305984,3.963042280516026,0.18753725054976675,0.0,0.0,42.733460597936514,0.0,4.4549151920120815,4.077310179158831,0.8111592321509213,7.372441160965081,4.624850076864945,1.4599879013280508,1.9697123708417332,1.3596405549959787,2.5090044785729066,2.575256608224416,9.273660099300974,7.022138145773733
2009-11-01,11.119705137659395,9.963661339235976,5.010630945804709,6.584348851176836,19.9356857741435,2.3706601845170217,3.8043489942474675,8.270652273830866,3.239911403454428,3.3741064596160166,0.0,0.6197154402526401,96.50472908770195,0.0,1.1126296444112447,5.951980760928736,0.5401006214856466,5.766076866271358,4.108101660448285,1.5802991326637943,3.444208704961505,2.603598991919836,3.189812796521595,3.7259293264655016,8.172249893836844,6.8369151662874215
2009-12-01,15.9168957078145,13.000899139792825,4.129278660778702,11.408020696558607,35.35312837709805,4.8700682150004475,3.615558532425294,8.264279182514485,3.8360026057706627,31.08944858458713,0.0,5.573096844071088,458.841805766628,0.0,16.29915007976527,12.04600038830877,8.89817122452753,9.730215547660055,17.697299321899404,12.26172498006294,1.4749627410423656,4.06925426514431,3.6424948592460735,2.658549864676685,8.28930877939727,14.220365934686935
2010-01-01,21.021655866386332,19.76953789816133,8.869056672260339,10.279270668966037,9.94445416607253,3.551594595908209,2.7793501416673725,6.4996397804373505,3.952887153726482,60.65350837306138,0.0,11.761277343886315,184.49785753560928,0.0,32.02131593539936,15.47274944448402,34.47738581334605,9.532658457980654,12.301916893140392,20.256995747649874,6.630571013934463,5.307867343950172,6.595483608789659,4.426310333199378,9.138608563565473,14.948865377674856
2010-02-01,16.94204222531242,21.83224486258673,10.707737638412755,9.641533619027014,21.08135945701646,1.3145696987622628,7.128035355338363,21.76340337767383,5.145931687927078,114.88821254890618,0.0,14.230439253144517,52.325908452191854,0.0,49.561661290172836,21.38821677881451,24.748500138277485,7.864163144727645,18.953340536606877,30.539061293057983,10.306275284525402,5.753285248415491,7.49823902552959,7.163381984179376,12.543548751965272,12.776960875387637
2010-03-01,10.959732414785998,10.17449889380765,6.404003559570452,5.30548048861163,7.086978651900232,2.101864952257345,7.584765292639362,12.803145415562605,4.663657733443244,14.399716666398133,0.0,12.367190603989298,23.4600896046234,0.0,29.191202714649332,12.785018419407786,33.32074409216399,5.4950603392697,5.245461758258305,9.686045693738764,7.355947910642952,3.8310964160938252,10.442877128373775,12.546513417791576,6.573654112909836,9.265020466934672
2010-04-01,4.752273025822591,4.23280753070346,6.575399679445468,3.7654047347996453,5.86254013802999,0.1313020486716909,7.763008202172304,4.204100589554632,2.030581704203634,14.387654114620766,0.0,4.326402073948907,5.263299543599162,0.0,20.11788460297339,5.138443129875522,10.7293308025958,2.808759479003122,2.1727552013885503,4.353187865805401,6.6142339976876645,3.488900493792901,9.29701738675653,13.67813720315769,3.16295421522097,5.572851460780472
2010-05-01,9.652466136776543,3.2194253964116326,10.34010320848261,7.037576946015914,6.260682985326698,1.5741975784831608,6.741873300164764,3.50128823093481,3.2226069161910122,11.205003693533532,0.0,5.560110930690097,3.5016676275153733,0.0,7.930191200870783,1.866928295310291,5.89497871420904,5.231761036655442,4.470359718210521,2.1746327292652508,11.261434787770725,4.38490421449056,9.290218293861804,14.987654245067553,3.648165846420929,6.358364213141814
2010-06-01,33.70809157147264,13.192714699736428,17.34295962582032,12.182079885689163,9.682327278687975,2.097366930241152,17.25619233669297,17.66429040639236,8.823718217145103,48.7063786166201,2.0003775955083354,52.476602038024694,13.38712160828313,0.0,12.528515547455019,1.7091396806328096,17.385877365952453,9.436064468758188,14.41973817022366,5.672014517634583,17.12143002371675,10.330065271566205,24.44384049337762,33.468699575178896,14.705782464122409,17.166808400342582
2010-07-01,37.757090064972374,15.57515646082972,18.469506700673882,12.309965706088864,12.491486483212636,4.585614899479272,11.803016948410502,19.22211951863245,14.29614391820129,25.173569623723584,1.996402337507172,38.87807748328278,11.615957612359688,0.0,7.178520570406209,4.654332977592296,14.159001100327442,14.780592116524875,8.922772339749356,6.750971705951047,7.818844893774344,21.76011007742751,42.06097196891577,21.99585781397661,12.389769616091474,17.495982907622306
2010-08-01,35.272358365482795,16.026538128801878,15.39584111329679,16.25853002190388,7.848610000691101,6.808320792833671,17.41446205603367,20.257400761587864,15.00028922799647,17.51253481516864,13.289113356426164,139.40797788655385,12.752219659129988,1.5558065684874576,4.598149765692289,3.7192064270394485,6.66865425376435,14.006781891839106,8.405608585370432,7.10668325768244,7.811364663015377,34.291001974743764,43.834383276146625,30.942728596579066,11.898417828286075,18.959746067350995
2010-09-01,7.712736713166965,5.002757696201142,4.720509729680428,3.5395622663465294,3.0153330825647515,1.3082568834453219,5.432077245795042,7.503562249914711,4.87684839345399,5.397149203707192,6.6308681203674045,32.67303331341465,4.626952778336942,5.461152877099758,0.9185413344436566,1.3930117281102832,3.728118105414311,3.4353002090212073,3.9431427106454318,5.294329870798102,3.656792068135187,5.037344365278409,6.319418615857226,9.48328982910442,3.8831885690888375,5.178182684682227
2010-10-01,7.163415902109301,2.4313653258736156,3.23257877793899,3.25907116867326,3.212183463715033,1.8307800960674467,2.6682470244286645,2.9644691945470476,1.426182084499891,5.949974284505797,0.6619754071602161,11.091020427530287,0.5778242147922998,0.7821037519552595,0.550790997930364,1.7002300531476435,1.8615396777677047,1.9072296313046395,1.5250077618374005,2.404004689487338,1.7042993102582449,2.9076562474431316,7.216266376324542,3.5976938084968735,1.8195071347062939,3.192225203267519
2010-11-01,3.9451751515670437,3.4846875174761838,1.4840832894520772,1.7315922219396556,6.416585524802194,0.784041371568418,1.0114022138178196,0.8712257124472442,2.3751224421787853,12.632516901177432,3.3001587878785825,8.621780720891868,1.7296394496712892,0.7849293563579277,4.583753314690661,3.5506164020477864,4.777165730386661,1.524337479202194,1.9039860556224926,3.12133165056471,1.215770368198663,2.792864575955527,7.435303757002894,2.19105963029738,2.303312150016677,3.0012770416974908
2010-12-01,4.404221054510202,1.9247546420089536,1.046973404618693,0.4842840119884743,5.8086709808458625,0.2611638739128844,0.5510982315530786,1.3930010672910536,0.4745575440325015,10.950858776804134,2.6338585395589966,2.4618186499362484,2.3005894410085403,0.0,2.5651452863452064,2.0044389842739117,2.385607783368758,1.015535872952323,3.6764390856623606,2.878805326958599,1.6998771011219944,2.455188405370691,2.925740885652443,1.576120259801562,2.302129046232137,2.3055183816257703
2011-01-01,10.845585247465198,4.305831783708566,3.574339722464882,1.2441014863647957,1.800346505896888,0.39144190233101067,0.4589763500588329,1.9137605666690822,1.6598508375006045,7.788447089729742,0.6566401611916669,3.0759118524947944,5.740330056044732,1.5765036173199438,4.027132976156006,1.0780591906924248,1.5884896040443939,1.3319740809825136,4.180725945514696,2.1571948409367225,0.7275892920487609,1.0033513424392217,1.7985487705457448,1.7495599670691586,1.453292684887311,3.3424138663601326
2011-02-01,13.032372691277377,4.395317810689578,2.440063925282606,1.5881540237993779,3.3972616582115243,0.9130641633514714,1.3758471497465072,1.2171883657630558,1.7772508821861075,5.558957119927845,2.6235872509589018,1.84489412524037,1.146753016601194,0.7906422614534822,6.035517823725271,0.9226491940426298,3.963382289425309,2.8522595268804,7.340754496336797,1.5562146330770021,3.6344978367877476,1.6709510074707314,2.2466724184939393,2.447351832970618,2.0579608251903396,4.089403625949774
2011-03-01,15.367383422669576,6.2238589450201225,4.702783533962992,2.7590490438291653,3.1936775401060338,1.8246612292151805,2.8410422806280526,4.51771574526981,4.025506902220465,3.888060498903651,2.618646195788643,2.458698927509377,9.726138217567845,0.0,17.727199409670952,1.2289305275855642,5.541940178775421,3.926945650425146,4.424886286918363,1.6747235962914757,3.6304490407139074,1.1125990339581198,3.5910011736838583,3.2306227979600113,3.2666242823541425,5.463811006569022
2011-04-01,13.618204460819424,5.991486837010871,6.613049918633248,2.7556040344398793,3.1897777008841213,1.563049284095806,3.021821905791634,7.29155122303547,4.731644704953351,1.4792844112742607,1.3060435824954377,1.2286253031715284,1.1414811108331249,0.7954669281900404,19.532205932103945,1.380310335961255,3.951142446763857,2.4681220017780854,1.3888104140286923,1.5533891144011833,1.691974709822679,3.0004101753362162,5.605546834140136,5.23351808744984,4.473942397850778,5.295214793316903
2011-05-01,33.12533995672629,11.063004101703278,12.260822804862727,4.4736178862048614,9.955359923532775,2.2126860501433567,7.229012337048588,13.706749666837762,8.156157209675174,2.770833350638166,1.301479764663933,1.2279742672617266,5.1271885292724,0.7974133222642169,30.27680043956964,2.756521787676947,3.4189976748112123,6.323657816506408,3.531261680120942,3.5808579744542515,10.620251722065769,3.219655519082467,4.256058323436239,6.187934830415001,7.1306128553068975,10.590979166928976
2011-06-01,48.519603641007016,16.631897196208225,12.166477217770643,6.737646665679969,10.739909803815763,1.8210522755562573,10.331284327443406,7.801232360817304,6.023189351802993,3.5064139594483,0.0,1.2272517169376507,3.412739337130925,4.794745934869293,12.57348998333304,2.4478550342693643,2.3641089887306044,6.382089848242709,3.4018343818863945,4.173077625751115,6.5092144184533485,8.871951886603082,4.475459566463182,6.530503314786744,10.751078747776614,13.042460725200302
2011-07-01,41.63400533174281,25.01594073981125,9.878830767524327,11.845291229713238,8.561159298257824,5.479697839578118,8.237009973667842,5.710842431749748,7.566472977700293,4.230875327579849,0.66155737112284,1.2521880506337326,4.54799663506018,0.8067715910593837,6.568288402093523,2.2939332171029383,5.2493438320209975,7.066955727447824,3.406258907679354,1.9042227998052668,2.8937115055970883,16.68130919876543,5.142118103216223,7.5877095326629735,11.9478797360737,13.458237790806914
2011-08-01,26.80728298832838,17.878740044247227,7.499403207603094,9.619475842827914,5.591905947354335,1.9704777898428976,7.885319570317352,3.102751528449444,3.320812137313933,8.943968838346873,3.355456644209688,0.645536800888936,1.708285200395866,0.0,2.9286452087547317,1.070774790111685,3.1496062992125986,5.730395826141162,2.910999872434264,3.2051778722279676,4.1048883610397455,7.068659857019092,4.6893308564632035,5.866378545687443,11.206276454399728,7.957375367465022
2011-09-01,14.84935297308655,8.080008754065968,5.14143968481401,11.67566018816225,3.205054969884666,2.244381757832511,4.963035080227417,2.5756482802916554,5.5919234076415965,3.0841949806019695,0.6931293083857283,0.0,0.5701733887928214,0.0,5.1444052893429895,3.518926324212471,0.5249343832020997,3.5809132815139226,1.7775041209476654,1.3024573486873157,2.4184662933118877,2.603002330371995,5.130728922332723,6.07229950890828,10.585224492296998,6.25774892488464
2011-10-01,16.163363706366965,12.134999405896584,7.504515882689792,17.649913828571194,3.4137499363128563,5.4456506302520875,3.86765782408548,2.2253331420838673,8.588547269947988,3.0661663166073887,2.1130422094197674,11.824082976039827,1.7123875581701964,0.8575847040629833,22.482861702507687,2.448644232506003,0.7874015748031495,4.200673054977762,2.9286077509163,2.7173616123965543,3.874909469782509,4.445735182537339,6.685640257158313,6.18081261050414,21.144620327843352,8.817337844522603
2011-11-01,20.42185790033399,11.358678731796257,7.291288130322702,17.944381806707717,6.245083518722374,1.737226365690291,3.4164563954679386,3.579767303322128,16.519757044229323,6.445479671071933,0.7159064235975275,4.996697696566754,2.2870538637195015,0.8902943322792508,51.038592480437444,4.13333170544817,3.937007874015748,4.942600791406198,3.32173572636952,1.5311870437987918,3.1538410217690758,5.745646595663675,7.791004735741322,6.301545031821104,12.354811556122336,10.15415948923537
2011-12-01,40.1080648054768,10.114398166175436,11.223150041677846,16.964363017208573,8.078870837762173,2.6863396980104106,6.106740945932657,3.907658779654075,14.403845398048315,8.895841003063726,5.202746006871772,36.71509038346262,2.863984595708024,0.0,78.63523592988145,7.197028257691989,2.8871391076115485,5.804694230010764,9.225221442232804,1.8810088293348914,3.399738494235846,3.9360805922393647,5.113711526410063,9.087510287835523,10.419848716944953,14.011815538744289
2012-01-01,46.445539734415796,32.72679758322799,18.793706193765672,17.535385579468482,9.521589663807529,3.517589447495691,8.713577196376637,9.986155603543063,28.176483648281774,18.38661086884715,5.998316293424481,34.94451736238919,16.633543013940184,1.840768495699844,41.86166490068567,6.739191716855982,9.448818897637796,10.712553177519023,11.822706070046156,4.339930757074863,7.297694402746134,4.203203621652012,4.219795394543188,7.605642598637967,20.20854350497598,19.107604429098302
2012-02-01,22.582969627210588,14.037056294644604,12.937421700585606,9.941466313631866,7.922995209981307,4.08504586960764,9.84981652181126,9.106847901288056,17.635087111250336,5.798102171026446,1.5554527871297696,5.7203436879971505,2.297416879653218,0.0,16.986377193413446,5.821590397256567,5.2493438320209975,6.402146722951064,4.8977322831522585,2.6900085167577528,4.6268294264956085,1.177470688127901,3.9928567148517313,9.97382979562186,10.267979376996028,10.390348764666905
2012-03-01,13.819096858108571,8.746327381380434,6.399024665745012,5.490831817131407,6.519044837040498,3.831885350372706,7.261766990328686,3.6998455466403537,11.262842309264663,5.242993717999965,1.5884037843937158,6.80607591466507,2.3002593757454255,0.9753237755156425,11.421737278069408,1.8388019912111349,3.6745406824146984,4.155754712865244,4.782423946749891,1.9844356644438257,1.2194197955170325,0.5933364963566494,2.881178480649729,9.200082732499983,8.584755187670222,6.755723396033069
2012-04-01,10.805395011183988,9.06321571481261,6.120061387553002,5.225092044743672,2.8601575889560262,3.164101680349818,5.690513962583867,3.85550238737403,7.16561672312839,3.474596848345363,1.6330696520932317,4.416509771603407,0.5758247982253268,0.0,5.0712862991121765,1.5327737234819359,1.0498687664041995,3.280862241952291,2.9817100956922107,1.979755259837846,1.2210143393514459,1.1967092321586368,1.5499655690799221,8.153097864442232,11.192907200986593,5.607980700489688
2012-05-01,8.477008299810501,0.0,0.0,1.3658077211229176,0.4095853680921667,0.0,0.1869063893720335,0.1667182916385766,0.0,0.5168688480603296,0.8347778487364292,0.0,0.0,0.0,5.651424850044228,0.9198278189478333,0.7874015748031497,1.2969508656097062,0.0,0.34810287105610227,0.0,0.12022547203279593,0.0,8.831227989010522,2.258785963462239,1.992369680169745
2012-06-01,9.95987503530674,1.819223267879798,0.0,0.0,0.2056826866879468,0.0,0.18737521118107817,0.6663419918345796,0.0,0.1715603554955563,0.0,0.0,0.5779251539554713,0.0,3.591318389226123,0.4600622938354134,0.7874015748031495,3.882733872519952,0.0,1.9700115711040915,0.24505209030772115,0.0,0.8835218715153921,18.549351508510423,5.457763600645752,3.1456211873176034
2012-07-01,25.40301249701244,7.270634899829999,2.6931198351420926,3.9802237147221944,1.2338145086395893,0.6986886922630889,4.781637899001733,2.9869158062435917,4.1586812070280645,1.7086783409578608,0.0,0.0,1.1549353710823167,0.0,0.946719186659805,0.766515608033616,0.0,13.419927750910295,0.0,1.0409772569157787,6.860084967641777,0.6108999670627557,1.9849343929931458,12.358894132555792,23.833396202644447,7.776568433722106
2012-08-01,28.44084512289876,13.193102760934364,11.01094027893079,10.85125382276335,9.451127843066185,2.653225319168384,10.496005818551929,8.291303588698405,16.383439960052016,4.952955382640378,2.624430839817501,7.98900193772826,5.771864567953537,1.075268817204301,2.4603565221595707,0.7659481322345623,1.8348953495762936,11.075263435814412,12.14433425123553,2.195658967758498,1.4691873439508378,3.05246275937208,3.744972474064349,30.184610170139496,25.717927076463997,12.604135874942306
2012-09-01,18.439842189209106,13.35969139045501,10.271318791664298,8.314745555526331,8.624189970069445,2.9292175668248897,5.151769267521619,4.803748766369381,17.22671538270101,6.998305368223461,0.0,0.9978130125751777,10.957707398397043,0.0,1.3240468849157008,0.612315952494731,1.3092179321473667,11.684674595859184,29.756166285542005,2.1938164940213163,1.7130291347427482,3.9037956933472504,3.080596159462374,17.001652403719554,19.189071674271624,10.670466968534246
2012-10-01,24.393508713052416,20.482659690835185,13.36210880948029,14.956901881560182,9.641351971127708,2.7868235465765108,5.335446478742872,10.920264098992073,28.69097462103419,25.589075902988718,1.7441582644430642,3.9868652180240005,5.185468904942628,1.075268817204301,4.915916073335794,1.5296313553563186,2.3545219156989448,19.730301505293635,19.95302860333151,1.9609539591308929,4.157758882539821,5.241943681569849,3.515933688816318,14.155847469009878,17.993224202054048,14.282870655469194
2012-11-01,6.727908061699173,16.023929146132936,10.341926906549821,9.098603000924523,5.533615617750436,3.0622251138766354,5.23832601860588,6.445312349961366,14.51883279034726,28.640532747266377,0.8714961081132706,16.93556099298837,2.3013327448633607,5.376344086021506,5.291436814724057,1.5283938181963594,2.6139729722915,16.95533833519073,19.418220976195382,2.3045949432920163,2.4441806653481404,3.166397524662404,3.5112720725262467,13.323205430055818,10.76519825291771,9.865106134491933
2012-12-01,21.63564169994975,14.937012561227625,8.709230247557862,8.588929753395249,7.578259119079667,1.39043549167013,4.020201747605118,3.632166646951638,12.19252411477553,28.96984413392496,2.61157845974773,30.85810575739243,6.3247637814359585,11.827956989247312,5.856199991683406,4.429564552266179,2.350957046237891,24.19360326987909,28.007619544339867,10.132035147544261,4.641390849820952,4.98997824042266,3.0685534699269414,4.833559778475157,16.790117808803096,12.440526933060703
2013-01-01,29.851462868220104,12.944951736349894,11.144573925854647,3.8221684504902464,8.595097564874996,2.638631238829102,4.671666705385976,4.783459570897057,7.065936331877966,17.372541893906007,2.6069362148408204,24.867475200209093,6.3198220085652625,8.602150537634408,10.761460056379004,8.2413182136677,6.784734007946661,27.923259624699114,19.783900505228516,8.052240877870057,9.519833921639037,4.012969418336422,4.598513008100754,7.927469705780575,12.999402278013577,12.860887340086908
2013-02-01,20.63619268209773,5.175078821276406,7.154239884028597,8.217361454302102,5.110768141556027,1.3875051440494746,5.22806285018105,4.612246730431524,6.086976310599944,9.020354880557342,1.7348735225312213,6.956924497373045,4.016727399191635,6.451612903225806,11.510854345325157,13.875303719746917,4.953796934037233,8.771105172673215,12.74640531727525,5.055058260042173,2.927616754438676,2.5513091929883993,2.841670904693358,9.741615444668334,8.502628017658303,8.471930721951411
2013-03-01,16.307512269004008,6.379414293353069,6.825736099851433,5.331584265234153,4.289792082013109,2.495205358422223,4.945779064250676,3.621201199003719,5.71820620122971,9.696533914644846,4.3317077020431825,5.958373154553429,2.866387206633649,9.67741935483871,6.790569055466837,10.667907485436146,6.512757126002866,8.828746854070602,5.460374098309246,5.969788449904623,6.584031411048744,3.035652933099842,2.1835447639834227,8.552448086681505,7.436541288265384,7.3912809439196465
2013-04-01,17.371592837331345,8.65925671570183,8.851958098119226,6.839573762111016,4.898513129496566,1.5232280702405088,6.1546451707655825,4.931446715137895,3.525670967478275,21.42281595096331,1.729980851929956,4.960965373026363,1.718446883359276,20.43010752688172,9.804655231254936,3.197934156393815,4.164735724358315,8.394976368295538,6.495840183114257,3.898924519353968,4.3864141822625395,4.12425058401412,4.361017612434644,15.364608860406534,10.498406610024576,8.592817076062826
2013-05-01,13.344992552410215,7.70771909176317,9.65856930007359,8.058745466729066,3.671040687793811,1.6601159837645274,5.12562645714233,2.4629280788948105,4.0089826250465235,7.9861678062251,0.8634148649287978,6.939163692578775,3.43349906765849,16.129032258064516,9.233813793936111,3.6510916779017917,2.6003115595348874,7.042954915583929,4.5437829897984106,2.63528568087701,4.140008054608977,1.4546662835822786,1.742290365538433,11.355728968921621,9.431129526070638,6.94837783903916
2013-06-01,24.415978684682557,8.736819407727006,9.49162104655662,12.800546609750384,4.278617364253304,2.4879297157662945,7.451133330537295,3.280309404582395,3.5204205735702003,4.5853742869988805,2.5868178596739897,1.9810311110610987,3.430612450805199,6.451612903225806,7.723143833951367,1.9765157872904913,1.299507715460452,9.978009345507159,5.967823898103241,1.8315034095220288,3.4074845052094775,4.360079486085771,2.3923109936807836,11.98342428725638,10.01504788759196,8.955998994511996
2013-07-01,46.204607334359636,18.626479972478787,15.647975044511124,14.51643142680857,9.771526797555156,4.554937159186893,8.097793863611885,5.242888283674205,8.00609873679387,5.600717791411133,0.0,0.990045297962948,3.4259976420288236,6.443325126308615,5.836087391055707,4.101193564520358,2.854572634715133,9.4831586339778,5.186455078634002,2.400970127404575,11.915220693294625,7.6237759308795505,6.518216113663101,12.42603036763474,13.305433485408782,14.072621543743185
2013-08-01,28.83619477660806,10.876923578413624,10.857658789771078,10.555504560180745,6.712261333452083,3.033635207006042,6.045511542762439,4.25507438224327,2.545361677980566,4.919395343776846,7.742530204370853,1.9770874522655255,0.5704372831556903,5.362884790114133,2.44574545971756,2.1242279949521805,2.5916816918904435,5.930180159496326,6.477611521169664,1.9416260183364442,10.203844319699932,4.230356901037586,2.386609893138098,7.792987611597972,12.001926525003931,9.213984408843125
2013-09-01,17.208101523007375,8.63741620718888,9.960930265372948,6.52973546256254,5.080650393799335,1.6529128674111733,6.413337501089509,3.270023517059999,3.149060964391464,5.934060745554601,3.4363054250770766,3.951927454088361,1.1382595543635883,0.0,2.6325415976546225,3.637878945391611,1.035622694306237,6.171130247012657,4.4017937724869975,3.536731542979897,9.70911782078697,3.139837097818705,3.0336765169635647,5.885177100255518,5.997016221113889,6.8800711530325165
2013-10-01,22.448007769244345,10.350287343400016,6.87865126750364,4.445149629741703,2.8431142840713877,2.2021170812831476,2.87977958626836,2.776662330456615,2.783452969456754,8.810541456501264,0.8577337030596419,1.9740934043646394,1.7057138733207686,5.343976602470841,3.5707037994032818,3.4830977016365066,1.0341592804458752,5.739712274590956,2.8459751927978236,3.0770105447929312,7.515325235475004,3.2570380550964844,3.4628766001849454,3.799012022008192,10.33942062970269,7.126231157694038
2013-11-01,27.89706782891794,10.816521379083817,9.462565255533246,5.0148110633832665,5.47803239915164,1.9245581789211288,4.919233429463988,2.7730650026401884,3.143825593610412,6.773650289228259,0.8566064304153953,0.0,1.1351002844890332,4.265389354410193,1.689989690423586,2.8744009111720814,1.5491265160615484,4.759018085709476,4.782654675651054,1.3659712294631317,7.5086245140570735,3.133333842319613,2.377795325716892,3.976141520003553,9.62811395341647,7.899883414596202
2013-12-01,56.7888423741473,10.896008269724787,14.953118414814274,6.656759454289683,7.297326121550712,4.1199571527938765,8.903380929946522,5.376178172105215,5.678342110910206,24.877897181663165,1.7098423162402097,1.9705497469762976,2.833956737795403,3.1912103284469446,4.879411071543237,4.382023287959092,2.3199754095697553,6.219295448170817,9.169438944456864,5.684800612015507,10.403398022597528,4.213140883902256,3.0218723404118606,3.701434183005028,11.029384072019205,13.441108624920316
2014-01-01,35.53944704024322,12.94872994914031,13.086574720934273,3.7192570157201796,3.0378919249900953,1.9208794334582158,7.321978617947632,4.719987222519454,4.828623746273827,14.884509727079099,1.70872150180235,0.9849956822107082,1.6986752285491422,8.502957063436991,6.001084253275666,2.415189254647876,10.043729823267753,6.397807058178118,7.484979795297506,4.542289912907488,6.284616255309111,3.487573078050249,2.5871504132534073,4.9609243413839454,6.214694236520781,10.120269729697034
2014-02-01,24.661130214682164,8.785479521726025,9.849598510166754,2.7158882310717347,4.249480436706206,1.7814437781715142,1.9451254864631866,4.22743538659453,3.7395213702914667,15.214925178375193,4.264816583635388,0.9838805326432692,3.9567009589077995,8.491272784800087,9.37167200523596,3.016175105012665,9.002198511926565,5.298118884420157,3.3535265615232275,3.6301973356243717,0.0,4.5660338484567005,4.091755794280294,2.4337193411879126,5.858871159455299,7.490510181672542
2014-03-01,17.07246000465056,5.611559607489785,7.665554458723281,2.49962439933105,3.235216324616263,0.8215247393803721,3.33221123361476,1.6243968700746858,1.3260151085155216,6.251760284342683,1.703696970529236,0.0,1.6944431946725524,9.53214655756317,24.726351944439475,2.7122287064493737,15.67174060908125,4.077569147291014,2.061997275843772,2.493162580422297,0.0,3.7216448230220025,4.516945472865674,2.611750254917639,4.33285637042205,5.916801210117718
2014-04-01,18.679228489390194,8.04791165940215,8.627695520847809,3.211103865606812,1.6161784785017923,2.051404083527514,2.9596851608282937,3.0833089521389176,1.9269794996377794,9.456790160507722,0.0,0.0,0.0,0.0,17.03516869514472,2.8594502909494235,29.246896895422637,2.128684997216129,2.575385671173636,2.1505640365184697,0.0,1.0793259559316182,1.289128995222261,1.8890571563600411,6.78657794629292,6.350322233722072
2014-05-01,45.54682289429533,14.802941809913904,14.826502820378272,6.202652783569752,2.018492814156284,1.9127581671283356,4.713865793717255,3.078749728682416,2.2864119591985097,8.94479787722476,0.0,0.0,1.125362274156749,0.0,15.52786478992535,2.255573031715496,12.556177893051647,2.6131981224517515,2.8303354691382827,0.5651646093676579,0.0,3.8325162318240786,1.2871488513997804,13.659827776987653,15.551668976203093,11.543398273440495
2014-06-01,75.62560504429513,26.64073686249926,24.564032120739434,13.609489466639241,13.10993596277872,5.4602176434676775,11.268781889105147,16.189459010516362,7.575197675844337,13.663231162480377,0.847969519561379,10.786789790244361,18.554645324231082,5.267958894149937,14.397456795252399,4.356737782300791,11.005190486228013,15.123173074713671,9.000202903522803,3.8391481127591307,0.961728476384955,6.941690268495487,6.000153279072586,65.02252204837892,29.800232638530424,24.025105606500137
2014-07-01,70.06687054267164,25.303807794497004,29.218803242669487,16.589167928584388,14.107838869799455,5.045372105629047,14.67725230851967,19.24874229833786,15.258859797884966,26.63969106815562,6.777025766273597,14.700513285994637,8.423310910918056,7.365235623452662,11.584692566631652,3.001141645322763,7.15792865182641,20.57587928395709,10.664989313382584,6.3175631776484416,12.011713645714387,8.489007247894044,8.130759681494986,30.59986716083899,25.57659862051241,23.377667115494795
2014-08-01,30.19482913341198,15.078289359075683,14.156345987444586,14.72625078201685,7.047926283032853,3.814614340629976,0.3690419317575749,4.6860931332507825,8.04326460300368,16.515869952423888,1.693499744815107,6.853357174586307,2.803242019151167,4.2050995206018085,3.5464353733747918,2.698400746199528,1.5324687645942858,11.888105219766928,3.337454535097629,1.6905836925689266,2.8792586919803917,7.404983955104374,4.913873747737874,18.648369641228136,18.67321540957836,11.87867839969735
2014-09-01,30.644838436581775,17.630780543010083,12.619388033264784,14.288069523119134,6.437706201523408,2.5859991053435034,3.041440542351362,5.327367150872427,14.632864164948247,20.382800622272203,3.3839771670294345,30.32421313985094,2.239487355889857,5.251133788705793,3.1698931786068667,2.396251565214083,3.315622661000916,12.666099160205835,4.489052944232247,2.3646704748813248,7.429952030837011,10.975771406991068,5.333584996644809,8.867470642174219,8.04648522856987,12.123234483007854
2014-10-01,30.459645823859443,15.616220112432563,9.638690572589073,15.910171137518125,13.868591948826207,2.991569364957652,6.907553918074793,6.933824666216918,11.984439767027375,30.81267323748407,1.6904800944398848,53.762618612510906,1.1184825409471861,5.246273449086178,5.029706775739123,2.0947259900765536,2.547459702255662,12.536401647966827,7.815937971432221,3.9369474427849056,5.266337024200516,10.249290503858575,3.6216801117125383,9.397275168795629,9.788267040036967,12.728072298590735
2014-11-01,58.00767372110027,24.648151348402564,13.24496885944295,25.836010382148036,11.448209137671402,4.619705958758647,5.706884736436184,5.31696124681067,8.38278824841121,52.344139026219885,5.067880313412559,87.8989100553423,7.814830997115953,15.727215679797311,16.74994394833895,25.55759911745292,11.19831584416631,17.248370757992202,16.900408459298113,5.169625855730366,10.51924000248413,25.601671325630424,9.361777687031566,8.227719559881772,12.228966170870839,21.270197591602056
2014-12-01,66.11686383345415,21.35176179942344,19.652279928516965,26.809815541341937,22.074814080641595,4.886742952438542,10.209423484488013,9.17584354131405,10.649966724473988,95.55853510780824,9.28464254210255,49.77881183086779,9.477684546547284,27.23883850744503,35.888611517789954,25.83076761722214,19.832300013590597,17.539156990952684,17.525161732379743,10.329741641668214,8.120697263855929,23.672096273535136,5.52343335407393,6.344322028873134,9.54301463744789,24.608450603215463
2015-01-01,56.972967431020045,7.581656950242294,13.867781119711903,12.04643759141877,20.852004285709704,2.5765128197608362,9.374973822261108,5.6281849968297735,6.575394788091982,67.26817302728904,4.217040103378663,17.551072202622727,12.800056901464913,26.16523601479937,36.03727738990817,23.27100762432449,26.410393935849513,10.273335120962187,13.67557676058985,8.63725536597505,7.1545250004245196,9.38795239415029,6.1519945018238245,5.9815378493675,6.629163918243344,17.82220808136819
2015-02-01,39.420830276093525,9.96207229918622,11.535945253998412,7.50697196158187,17.029415805827046,3.2520809971763596,7.532301104165867,7.069160829758158,5.615117379741525,34.79739594281635,5.900011715949887,13.642492718150937,8.339782909472348,9.412607534004517,52.52949426935583,11.47617305778717,21.818230427517857,9.361152348285838,9.067731141637545,4.483334329083549,10.243357638950442,6.411293277018366,5.7205499079163005,7.762009089332819,4.765369553350069,13.939347132899824
2015-03-01,20.822020796881137,8.509044628986928,8.72675976557689,1.4858885418680354,4.604497910658023,1.7599923974545275,2.0199927746162127,3.691826130810653,6.3268581386599685,20.668274453674037,2.5273897305908815,0.973592958122166,3.886464209870409,6.270250785801342,28.002590162309865,3.722689843198342,21.034219977445673,6.638975276432422,4.08315261915515,2.3515398249491684,2.379921682985168,3.5580640453330745,3.385645103078124,5.526992038295009,4.645689996358204,8.013824906157028
2015-04-01,13.365666955989614,4.081962395802346,4.240015892238395,2.1915641154961816,0.9999178296824388,0.6761077307643335,0.0,0.96213552625033,2.266349303327803,5.542538860260669,0.0,0.9726848767488342,1.1086727343416856,3.131882275548437,11.485239440376883,1.6361104804747493,10.63223598763943,2.472545307325957,0.7648517639948329,0.6711752584141022,0.9505889626894911,2.132520736678723,1.0561110967009295,2.2264139123657536,2.5533632748368342,3.879192137468136
2015-05-01,15.177999430966484,5.949848570056732,5.277187408397914,3.673914169550681,0.5995674549423098,0.8108918932185336,0.09164752112287045,0.8012736168362884,2.6222043633787893,8.730115704772427,0.8410138248847926,2.916422589288222,5.536301279178424,9.387294328687084,14.623731478416039,2.377540532350797,10.623455900421595,2.8928260250924285,2.802787048065384,0.5588730874563563,1.1867110035026398,1.7754914751534647,1.2660887351189372,4.806375945091356,5.103798735864389,5.084565701270893
2015-06-01,22.94550747615534,8.410228195319254,5.7527082268154315,5.224474749088056,2.396203346862864,1.6199923525951356,2.3814592091239106,1.600756534689725,1.7864322502761483,12.921796121055749,1.6812142027412325,1.942832877352298,2.212582208750308,13.54562227008832,10.912497319883542,2.968440400744888,10.86470508077082,3.7941323863474783,4.327140943695406,1.1167407777627463,0.711353217940125,2.719855849218048,3.5810573205982115,4.268301116542811,5.099773978860224,6.797895185292722
2015-07-01,27.11160593445925,8.956359465597117,7.345278123390352,3.737998641873144,1.1966455830340745,1.4834779668009594,2.196609679635749,3.677270189729193,2.1417302226030928,8.218806976922856,4.200060703777146,0.9701532099878069,2.2091278093798077,6.246266828850797,8.128581174949378,1.0378689818019657,5.046508707059272,3.3095470583948905,5.086233750673758,0.8923619628201891,0.236838018325827,2.598798608532423,2.3134863703038953,4.886434811847563,3.4746441241615322,6.853677756406475
2015-08-01,23.296734166837744,6.575291820297222,5.983939990041015,2.8891845936193126,1.1954751830583676,0.6740123140985328,6.401127679649023,3.5146324330394765,2.8538723991652617,7.544202709887852,3.358645529835509,0.968715261235509,2.207029796467505,4.161278315034973,1.8449069483604748,1.1845739903581347,2.2673737436317287,3.5468953753971855,1.1430326467425203,1.1141546548862102,1.182390578012034,1.4161800103622066,2.7310903557896955,4.083415519205814,4.629577097745663,5.852568950583212
2015-09-01,19.863521901146555,7.928194116886771,5.182422556158079,6.053284796861866,0.796116253334877,1.0772033527226315,6.303935090581584,3.350290316729927,4.0391799673534114,10.053306633665654,1.6777062180559694,2.899341706883792,6.062091421158294,2.0787780527288464,1.8410097465406523,1.182514364838186,1.0061166695565955,1.9219252817489454,0.5073781146783796,1.3352410637153842,1.1813007662500434,1.532188122480954,0.6292144424689836,3.1035664432021575,4.625502052296512,5.656481770867236
2015-10-01,25.706002973125514,5.931365126289547,7.56743362124149,8.297458588581271,1.590484294875636,1.4797583980560574,7.302123776084489,7.965252334466525,7.359525777943369,10.046459667084942,2.5141391706546377,0.0,4.955967362447227,1.0387693704944088,3.492391044537772,0.738269992842341,1.255254411313299,2.399970851746758,1.2667717968099597,0.889094727548916,2.8313474664158536,2.9434299752906767,2.7228093639462685,2.657699582618942,5.315390575029678,6.938579673053361
2015-11-01,36.133591182905604,7.8757689272075755,10.349434589573537,7.7983733269994,1.5885816662962569,1.8815961252161846,7.842817229268206,5.888355264531513,5.1007682773772505,35.64723599887485,1.6751530515385635,3.8569964678947684,7.153364836161886,1.037532600068035,3.487164539692576,1.9156370338650168,3.258231738097153,4.2560292422666945,5.187802497037291,2.7748710436148025,2.828730673428399,3.8813467139194286,3.974262141957426,3.7170989198207214,8.545074219535366,9.819559835146556
2015-12-01,50.207253466326925,6.432397760154792,12.410003037431808,14.878640425787575,3.173841072740802,3.357127246006962,9.749320543083275,5.563185545274411,7.230039639544119,80.45763350710483,5.022509490647273,21.171598311845226,38.47644399734798,13.474144373158689,14.479223267609497,8.97524382968125,10.007056733955293,5.330061926374977,3.7918944866432494,3.3255444488576127,8.0050783201296,4.347285012132655,8.356319185169916,7.073261831276515,13.268598297352925,15.1045743092483
2016-01-01,64.9708683985522,10.909720728326839,14.943939955588611,14.793111968974475,7.329121008583303,5.098258363015301,11.924290459058046,10.953999123474825,13.619654996397323,84.08920152164279,5.855331021209882,24.011464595549292,21.967602137424585,18.643114303174947,13.907931962392162,7.641575917307589,21.23081382693856,10.05140345112366,8.964978708709037,5.093676064612642,7.053763304927314,6.455966715897105,7.5110029077316245,7.949906735662896,13.02806024638354,18.98978807615283
2016-02-01,52.36645360879133,10.48136611128095,18.90674541391865,11.348506521708687,7.123760958702336,2.815075396958912,11.824111389060064,11.259676250619556,10.888076356602562,39.43390316759219,5.015416281167646,16.31066563190885,10.425803962091436,16.561087027321154,10.234325854019493,13.060734103590296,12.469965106929632,8.369151187458169,13.622095137494952,4.534705443972536,7.752256109415223,3.2829845982638797,5.000683756889886,7.766321934759081,12.558334582017542,15.645421986436823
2016-03-01,31.58376217512941,9.165358247586417,13.177656586530107,6.99870969088254,5.139387714638611,3.348266588903231,9.722964603443664,7.127976633787334,5.912982966111188,28.389687758093935,2.5058388161286467,4.789274498773084,4.932647838943602,21.718206172213513,5.6564643050233085,3.8100635781552796,11.203759941660433,4.956930633621955,3.779832903612268,2.982525855465967,4.692317439562734,4.099397126673427,4.784811395650941,13.137426580366988,6.79277121238462,11.39158596662798
2016-04-01,23.038497069236122,4.684576928165331,9.041553569461861,4.683278686385381,1.7764691757651843,2.810244638788586,4.810728390268128,3.1631069612089524,5.789387510923726,10.84813515618545,3.339340014998581,4.7794661491306965,6.570588006010134,15.49656791557138,3.643785713449822,3.6571450622898998,3.4785210004755553,2.8634103232662858,2.7676999610517523,1.654699705945023,3.279507010193641,1.8715312750320732,3.5320334287302577,6.429616117173748,6.095913828172911,6.667817358221468
2016-05-01,12.705911867061745,0.0,5.151514239451342,13.058425150349851,4.7315726650640855,2.6733869289992542,11.155543244721303,6.793328332426936,6.138462621943743,13.343517679897756,3.336143879465359,17.180463755453367,4.9261069344887245,11.354279105612196,5.272960044239708,3.360325915408354,7.19515993696936,11.562102558638747,5.278354378649544,2.3143006618315756,4.446810051950651,5.491402148759347,3.73447350810545,14.42995125964614,13.561672971228141,7.756684998056046
2016-06-01,31.467677405133063,1.4328448948855588,0.39590166062357757,29.086744456138142,15.948262671537176,6.677185012264104,4.801876401005997,12.622403448964262,18.754436470782352,14.002720921913216,0.8333712828453026,1.9053073330916779,7.651644247596992,17.53021762702854,3.81295427346448,1.1668291543441338,6.439530362041551,14.23005820186534,6.902691139662165,2.7509415822678527,4.6740073045217745,9.804986830322498,3.1065273603507166,19.33830547124154,9.531167277287404,11.997934097139865
2016-07-01,59.70529474402119,9.731008184987466,25.25088319393459,54.78191391282837,31.086816312046864,11.077058076643402,20.281206549717513,17.493555638840217,25.70372576475587,30.981396142374386,3.3280913829855465,2.85535502174921,11.47323420468178,15.47120151213204,4.35156284674015,3.347711772032341,5.687207642806414,22.670373590555066,10.77916461366179,5.607858858962514,15.416129367416337,13.64787992420365,11.178043678775598,33.11116668309541,15.036278215482973,24.119535797636313
2016-08-01,58.80770661114558,17.177812100918167,18.434440133024662,36.69365906819547,20.44033215872188,6.935081214666452,13.663533313570984,6.765648441840533,18.977787806259197,26.956148019301864,6.640819996034122,1.900448344752763,7.644951241036975,12.385535842273123,4.708789904928284,1.3076759978992705,3.457001063690469,12.309351423157409,9.387069162184067,4.724783441541367,6.77006146767337,8.159920765065474,10.760686070465393,14.478881796152661,14.110486641172818,19.286762919179562
2016-09-01,24.061486381323917,5.848454946591591,9.171948446825082,13.839963560603078,7.6585347342891925,2.931357804336197,9.49314433745642,5.495929311339065,10.723097326217978,15.455914190123176,1.6532294591901442,2.8456590810884466,7.642092895536197,3.1005776418620457,2.8940981769904552,1.1591991014664629,2.9583538638623317,4.2780850342815,3.496827084152401,5.159187406608416,4.432773933226195,9.667499753927078,4.550796296155185,8.152539014362933,4.929482950842799,8.843125741604204
2016-10-01,15.690882905325482,4.457055029980165,7.270921257928412,8.268109050493845,11.967498517902781,2.263651461890987,16.989943424941668,4.076496328179353,9.188732156108923,14.61046409004803,2.4777495044328988,4.735414028482244,5.456067505696605,7.237550361743073,2.1673594036636943,4.771591558370243,1.7228594002735362,3.384793198115272,0.9977078911245056,1.6451935831562396,2.098433712255541,18.276827415491482,2.8950365363913404,7.970178557641222,7.333287867529876,7.721999766146287
2016-11-01,22.797588707039505,3.9079618452425806,7.34580004967789,8.814731455704038,11.561259841565716,1.5965425920609804,20.58936414262147,8.449387259033664,11.423535571519254,33.328346658531814,0.0,18.909374720994144,7.08838056059016,7.243706358570703,3.7866255435649983,7.356983003196371,2.211168809331551,5.814870578079674,4.354519728685792,1.534327259123873,4.427643998382802,11.864996640197315,5.581340711504877,9.88627458312974,6.871041188706093,9.85032170573288
2016-12-01,72.8978478692813,9.195349644983084,19.7352947058426,13.726219202526977,8.613332822458341,3.5890275750937084,31.851750071295147,15.779336895940805,18.48322248384685,50.34928688282842,7.384383681105829,50.01466236117394,8.17708505897087,8.286068346839693,14.767257438228038,18.84357278535318,27.7118830163283,9.071039774081715,3.477761608908868,3.065775554185773,6.054526662444106,7.671112216728368,11.364875114076073,13.1976081187414,7.209224908454614,20.567616530239494
2017-01-01,97.18677475130993,11.457268764643462,29.509142708854036,18.007562190336134,22.10039600350684,6.641553164347619,45.99179204799066,26.20243696243883,64.26076313758459,69.99088419766147,22.088794878523107,148.930583116106,40.86116187008383,32.14123542620194,24.279870051621455,23.551395307136577,125.5844580088563,20.56126809210428,10.418317855681085,7.112042275583841,10.47287485558898,27.18389809455654,18.177765655352466,27.071830744188116,20.359049451536787,35.18565623714022
2017-02-01,62.26766032944627,9.436516442971818,21.685614029929816,14.528107867079498,14.06792071451654,2.256202045764865,28.02583534583123,23.04409298040021,40.47490006813969,82.95749595419869,10.604268134194974,75.28189959913149,40.840223516511706,20.753406157660304,38.08148002803102,11.744109266610952,190.88668232823275,14.802162091081556,8.41777669177922,10.057705324201686,7.443868943760251,8.822062594870212,15.074054648548008,17.622760372944626,13.145540398127304,27.033383845846608
2017-03-01,77.72087912518177,58.633662994053395,49.02507759097416,18.178164945986826,19.716245417633566,4.111274997712974,26.836585684788844,43.83453523025903,28.81835175317827,118.86843755961283,17.90478458108322,45.10185428111416,63.14121525626416,19.732301073599473,110.13447774783333,41.01963974962537,363.64431991002004,22.72129030886211,21.380145486031072,19.33376315889477,59.512028658108306,11.83298540863852,20.023191059696167,12.901084152289274,40.44282350512535,47.51228918964373
2017-04-01,106.5336759695561,86.79255120204945,58.21968064551638,30.72426630435548,23.40220647179255,4.903472310706025,23.84823265077146,51.6815712559626,41.628265244415445,82.30010845009117,37.35234347913876,84.4547938519295,45.16192524344829,16.62849523055213,211.77041963085213,57.624209711566806,228.1481255512494,37.19411368901031,39.230108081781175,21.0664631767639,45.77233911598084,19.939446979055937,34.462342784018546,10.97286515052385,59.26150143284019,58.769545983559084
2017-05-01,172.00171746212962,163.13875084189146,86.92973951338155,79.45500721463924,46.754752005546486,8.475189636830965,46.675491189484056,54.072484279183094,65.95149808449308,58.81460040159956,19.435151832970618,59.963706150366924,42.42029546500885,38.49493480923118,179.83061765553137,161.63143146881274,45.99033092184796,105.47423250673297,90.03464705886584,34.90063640848245,42.96129451535051,22.708210737420483,49.92214163460538,21.747833835620447,170.6048801926097,94.48330414382232
2017-06-01,188.2197934984922,174.52887585150475,85.77789496936401,138.27877875551735,70.26033817930195,11.511421004481281,41.07279659082221,47.48652669680486,59.702674968400544,38.17614458415582,14.533477217673038,17.768793356293394,36.96366912567862,28.11448202074464,58.78905537243596,239.8220703519366,25.01928447885904,86.4500322180688,81.63338657286248,33.45391631523839,24.135369956216408,17.828877394873487,68.05047507518424,31.550080421529795,179.5205102398334,98.35389267482579
2017-07-01,308.7427865376747,377.9271110560899,202.69032510851673,265.378018723188,148.97163436927332,38.874262589816354,96.27673067050553,81.72112775438237,210.15316548092358,61.822143494439395,72.5391605100181,21.478211930773583,53.779965431179846,73.95833333333334,48.71645669822471,59.80780199002007,31.28206699783039,135.7211805529862,160.10807717380555,77.19501434823945,67.26037525042793,135.4758324200742,117.26585180348815,261.5818185116444,290.78960858700884,145.95675595656132
2017-08-01,164.2975540480716,155.07403937556833,121.68382694576222,169.9604313905132,101.44391547036105,22.19878269804696,88.57678236549032,59.73034990795181,131.95393614410222,55.535871424639346,52.32495543572117,4.660582042413759,23.869259362763415,45.833333333333336,41.160184749352695,40.188295097133484,20.578073356638953,96.4046742126377,159.0868296693071,31.979489854618475,19.926372360147372,58.6098756869239,82.55693234172095,149.69082486085236,216.55223223993468,111.30852488458723
2017-09-01,36.85226128332482,34.65884457599439,31.10493943080023,52.56296380780588,22.327696499144686,3.9607017661111774,22.774110393095384,32.218444182039185,35.89546786353393,46.29889822806257,19.289773939434205,2.794151420041338,24.36970411639246,17.708333333333336,19.392071651198506,21.04625684593334,13.770225028527854,25.213472811555633,38.464797032767194,7.278450950970543,7.405785984672548,25.63843177080641,50.796920500212025,47.85401280603423,60.219906259435255,31.989392875330342
2017-10-01,44.37112240560479,42.93897523168207,33.83008790614045,68.91984124815637,45.778411583558615,3.9574052745034067,19.438585432127585,33.416501055692166,25.32009655828449,118.29357257504608,14.449019011095128,7.434804251422646,38.39326397861812,16.666666666666668,30.37308135309445,34.686530425983435,19.533581789269828,32.073186516330324,84.90938041891314,11.501102683663046,15.491576131566712,21.115127052500092,91.81887069074406,27.370610501816323,36.40249685857577,39.354857202309475
2017-11-01,47.51328455773341,46.5818416118804,39.064573951449425,62.06635224728042,37.98975627968269,3.2951456570962137,23.987267578042452,35.2305865899675,20.967936916907405,86.40438814980823,24.044516271708343,6.4961491178959045,57.78856831949973,31.25,59.76578957347592,36.17691470026328,26.478902033485305,40.518149033765646,133.5840111810606,17.77510408835552,15.938544080425606,20.635392956885777,60.540079506906785,21.46168506270214,26.032519140688464,41.526944816492794
2017-12-01,54.649619302399984,38.76261471391877,37.002544297002366,51.59940353733562,33.70267211506831,4.346745055450146,23.165620891299838,23.514131786697376,16.623349660160326,125.5110258731714,23.213388977650705,19.46040934200549,59.33500036892856,35.41666666666667,81.29242322787081,79.97311825866853,24.99220148544822,26.03212187703456,108.17219671567709,16.56765311515699,13.386719922145002,16.242317333393036,49.204937817236214,22.654420612195093,26.584574647735508,40.61671089344338
2018-01-01,55.76343166790181,33.98929491645206,41.99120002791419,38.5435681259002,31.54511374087707,3.553423603936232,6.255786430480139,23.028668603289162,18.950718792680693,121.00832058121227,31.978662701676814,12.95310790082737,46.33095160355161,12.5,129.0982207787871,95.56636969554486,27.824908723386983,34.52262857439423,75.73273182855246,15.250111968701077,11.528263204841528,10.243151025637506,44.443578219691,19.005776351067777,24.636200543096127,38.96244068319591
2018-02-01,22.20709092819811,15.151968134155464,23.251500179118235,15.320875264931257,11.215069895630418,1.9725778187187217,2.5896339710522582,19.015923838283456,13.326810186415354,40.57931622469452,27.142681109006528,3.692556716153671,22.593127684196816,0.0,83.51984736954606,26.89941178959661,16.75860735142267,15.720786833585151,27.52937799355612,11.019883551212008,4.145931618963266,3.334600118006457,23.526815101109932,15.536874107130979,10.551741010656658,17.876775025866372
2018-03-01,14.548816054605997,7.238816260509921,17.13532119462417,9.976476611198018,10.627341950228304,0.9199052675422084,2.05187498703308,14.861969112972986,8.411608918815617,27.308152621607654,18.340177551911992,1.8446455320163628,20.95352321165911,6.25,77.40988498896552,17.064786486217653,9.321897625256565,7.854726534846428,10.221522591197578,4.965423527683812,3.2216882723836795,2.642296628735802,11.03814901525153,11.298034756757906,10.88484855774017,11.877340009307593
2018-04-01,16.55154147267869,7.276067184132245,10.633793306225117,9.558920904477025,13.707141164154047,1.969888400496263,4.814274486877064,9.337030493596345,5.837856367878891,14.054138903599291,14.334268529985335,4.606562131341609,12.878590821455763,4.166666666666667,101.601490719564,21.786513397536538,15.507622862908514,5.915387807100197,7.414604773887139,5.067179671728068,5.747764057832395,3.673699121021301,9.596987656051567,14.562803881011241,10.877122207589649,12.10773813467901
2018-05-01,33.16083389526709,12.83828653276013,17.034152483473008,25.238287521609287,26.236665578389538,2.2307881994631362,5.611820317363387,4.433840641867127,4.900289526080912,30.696873569444705,22.26434508398611,5.514753010086093,16.073963310176183,7.291666666666667,171.78567031511443,24.263000215691783,34.29639234124444,9.71365778823829,16.026715817282124,10.015968921344014,7.119674891397896,3.6702446688229315,14.073193670189347,28.755646530417337,16.644900269678764,21.023734055080823
2018-06-01,45.072983517674835,24.580809657257635,21.708680462331287,22.966512520541972,13.300369379304044,1.7045720214765427,7.0314125905003975,7.637544556566333,4.896637373166327,57.27698381618911,29.382279969936917,4.589048460076212,44.40683027714883,15.625,91.29360089981878,14.75624653690203,45.877181715720994,8.009802170828163,8.12581159499806,7.423094207601843,5.048777593516732,6.073337155081071,12.225608445874624,13.246672588464467,10.410068082700151,20.880428993786612
2018-07-01,78.33929239714543,43.123598154568846,36.92089944155879,41.815534346599925,26.775770264811058,5.895840920013399,12.986796454753005,18.923654159072367,23.419657506989818,60.3421659113382,31.717028532724356,122.8176203097904,57.19274011586468,19.78394211359897,66.99463166604127,29.054852092812666,47.00985457974791,21.62014114106326,20.841905872145404,17.199358436326747,13.98654465554889,11.221450883788648,18.931601457130917,37.995459620786654,27.032228383113562,35.920507545258026
2018-08-01,28.44099495451799,19.667807719292163,16.4663212418912,18.583782224250633,12.129870752933172,1.9642054696096092,4.356327042276753,8.691644070743425,12.810502261134594,21.515888427449493,15.822958750782357,14.648019155648097,28.83657339978822,16.643630590052314,18.225373705488792,9.442142600185242,12.333809207370196,7.242870713210868,1.0896116905500164,4.726734602514798,3.665699605813795,5.492517947184152,9.966168242821448,11.855255026828306,14.247234044136157,13.657884178679394
2018-09-01,15.854944532384977,14.51884784530162,9.285096804278728,18.57606452847787,5.003742636692763,1.4398563091066072,2.932721099436718,4.72368870088235,8.731173730676819,18.734604650127302,26.854451957937584,3.655666395040896,12.271029038950504,7.276093062073225,14.184698704527499,5.964996276373476,5.450344927186682,5.371786986059071,7.8646348337770355,3.435641891103084,4.120839090542897,4.459990694256945,6.706683686847285,6.697058403837772,6.443553593057052,9.443480093240959
2018-10-01,20.6821473066452,12.814175751410978,9.205185279288722,18.77019825902362,5.962613807400309,1.9622343639864521,3.3755059763784754,8.983632323292646,6.98120354400511,46.40115528933167,8.667659126718181,5.476460930202318,14.925592254960556,8.308348151192886,23.97254358468238,7.7599881836245945,4.7341737903323455,6.88668937352262,20.7934687597253,4.183905241471184,2.058471379411478,5.942093157588049,6.498207941660886,8.58091940143892,10.057795866264685,11.851708767800021
2018-11-01,34.55509740939426,21.475074863342428,15.754759006318945,18.83031373326839,6.728649329124796,1.5686953661930678,5.504538700158019,13.538957202089279,8.83811155463836,72.08715851878301,23.595889317469666,5.465299983846284,19.704188902284272,7.262443429590749,36.01821631130005,12.041288047480425,21.27834261990299,9.917845915569048,28.512675577380016,5.360721790672041,5.256897624373081,5.8240851961553854,6.288951611056286,12.177753182345857,16.38124377576173,17.81201952450706
2018-12-01,54.56106049838641,30.547306508594367,27.29301614221285,23.03568461402741,11.530427450390855,1.9600706693275753,7.543856795892374,15.355604615336642,16.389729703332108,151.42219472990698,21.191122774712255,20.014639162330717,26.60726989262429,7.257492032599834,37.91790651398557,16.732828590629506,38.03608236207583,11.43073672522767,19.923435958194066,6.322209882791733,7.765591874015334,7.30393858320828,10.947241072641544,13.45750187562068,15.473679876461278,25.599473871581488
2019-01-01,59.618001348683535,33.729020697482376,31.4981232214975,24.314629439775995,15.173633249646501,4.440361420948565,15.257713758918891,25.67384041075355,31.717449306264044,171.174257867628,33.68437158793828,28.162161551534673,26.052712875883877,15.53758739720208,39.636295294916245,22.379263961616115,21.952793493430214,14.574405400098058,10.97996197569211,7.924131194605658,10.270053111398893,11.177042732007884,14.786158581784296,19.017097265940528,20.663184483957277,29.753190394309144
2019-02-01,29.165639490525365,16.65258884112868,12.315829626691954,13.441678332399103,11.518222919963282,1.5662085358727493,9.399011514039184,12.447319240435766,11.612484264804362,58.001390372940826,14.854764393072381,9.072696391362275,22.84098302051804,10.349002470126887,35.41738542516417,15.454956811883456,17.68229729370149,7.167726821905805,7.595830381221201,5.8859931849335325,4.788231028082933,6.724421403281343,6.8804365901392615,12.41409484233391,10.723422742296783,14.96293105506097
2019-03-01,27.071659741984185,14.909064229177844,13.17092219298783,12.89311064926249,6.332765293109286,1.1740482508180314,11.345489455906733,8.949454472667355,9.169582650907312,34.425066220217495,8.586267318896203,9.962129496012325,23.883429857708265,8.274152287285965,27.026242758518155,16.403609962388437,28.974510195826014,7.106867663179704,4.458166722887201,3.636590310268844,3.4180583308543184,7.061879985691646,8.088150068890783,13.861467845974277,8.915293861929594,13.43501632480622
2019-04-01,30.53764295930338,18.38220345939652,18.466614155317423,17.295219670539613,4.411212829559764,1.173379620368522,14.79451492344402,15.610512680544717,15.893480195782951,29.375737034090292,8.569125288725283,8.136672295675872,10.073954396122812,2.0662329879090477,23.52162680187964,12.257065564534622,24.710344743483,7.511665863492218,4.214074550601094,3.527293136125632,5.009079317566104,5.008151307091067,9.49477121065106,15.56366077087517,12.409596747373103,15.039569364299666
2019-05-01,28.52533430335551,14.652140636906237,21.968618928736262,15.796185655140773,3.834149449207278,2.084902220962079,51.88943116092502,13.024680647151769,11.479221451222795,16.70726346315516,8.548922517017779,3.61167165430906,5.8268632472850195,3.096486124960303,13.579174311896672,7.841239959947064,11.04717978953128,5.529460465274788,2.64702090848896,2.1362819693585653,3.8679263819888625,3.867215886943433,4.238592700242407,15.810871689940315,9.812294302634257,14.545079572055165
2019-06-01,46.00347958490519,24.868783196533133,41.82634439390256,18.838876766939155,9.772299415330167,2.865326783548998,79.66495532008275,18.765767621331378,34.19094759354565,9.402650916035121,6.209414598765065,2.705240228598406,4.234170133318187,1.0314813768156899,10.960932308934924,8.246055369154206,17.615657295352758,7.156651622075525,10.099355103342296,4.377185800827489,7.503313149905834,9.889227550531647,11.899222418559939,23.662034486304986,17.02592698611823,23.236566247590712
2019-07-01,87.57028850779986,72.39482873233396,64.47832390300907,44.027983540121085,13.789428782450187,4.94662241470309,92.45977558612914,42.48901421246992,91.98906973858628,17.823110049401603,7.748852771481232,1.8004722550177095,7.932410730479289,1.0302603800140746,14.60390792965454,7.688210848165502,14.545212125671412,15.52929992377408,17.90350874911994,7.041576602262347,12.269307661914958,16.13127457503814,11.285117142192721,32.1838673814601,26.82624373276081,42.60261201682127
2019-08-01,61.333664640096515,63.77748489780534,56.44739393315106,35.41143762162475,11.102745910233478,3.122248567886574,60.40919165534725,32.93815544339377,57.21668102347474,14.574467701265931,2.3230721425453944,0.0,5.812070629529787,2.0591008702206492,13.379121543174493,7.544315830153757,8.203913532233255,12.326454662868057,14.171818839633897,8.31780164259483,7.720500416914254,11.80771887414196,0.0,27.985758359100764,23.661598125087732,32.66128139172808
2019-09-01,59.686551037648925,51.89737840166631,57.05947080527718,53.0632747413094,11.097786140024889,4.161175449860009,38.018642631663056,29.13406731111163,44.34800245238172,24.925305360919037,10.060914879920654,0.8994617974490674,8.973571938974654,0.0,11.114647061699207,5.756786148000361,9.366468410909931,9.35788900432238,17.88572947258057,4.369757943118076,7.035367159733855,14.18438110284868,0.0,33.17230409530057,35.704380314939385,31.492851051560304
2019-10-01,139.09822029441247,90.54159017114695,92.30364495544399,134.02549655727134,53.163136812217274,8.70724031679754,53.38150441329934,40.87155545755007,70.26437546543036,135.38819199851446,27.069634535838276,27.850242991698792,36.3950249013255,14.387601368946598,38.354494945202426,15.881664219160886,30.874882980131197,26.78565418191451,58.42834063428586,14.060370292721087,15.423624751862583,34.81517843199805,0.0,44.14650069659192,45.37455753400327,66.04710873226814
2019-11-01,138.82075213736158,81.13978103269848,78.74684346201892,132.89187936353696,148.90692365403828,10.650682354597917,70.50119041579794,32.54623733256067,49.64530271257832,378.6318702350012,66.46642066323477,27.831114705550064,92.21145400365833,49.290021354731124,77.0127450683758,41.855610305160994,112.86648120268674,26.660264589012208,57.561145203617926,18.95025350077367,19.49435931778139,46.81000250856535,0.0,46.42148007556008,47.49515619588142,78.47256113053871
2019-12-01,133.93290159020265,88.19057266746177,65.27166347272973,100.93231528504639,152.4726839315855,11.68350070621941,65.70523619858419,29.355995120341976,41.07019833850041,446.4876700963622,108.91109806623905,116.6338627698955,154.8061815846382,63.61392995176506,173.34677858878467,75.43423998460926,318.21164712938327,37.10288728000551,58.371986107693,26.709535031702487,23.10910706442982,48.144110313597224,0.0,36.26512138643594,41.40261457020428,86.62858936350675
2020-01-01,68.80565204709994,33.59094830371445,33.60208512243901,45.54603582587401,48.125019634697345,9.98998442379785,52.26328294700405,23.463956803695144,26.253758289262294,166.9926292412417,49.403049810032044,73.51219951836264,53.12449458543863,24.60021931134383,188.50101285873188,89.02263531967719,326.52615572371894,23.39097736676117,26.835350796586784,16.803245383386212,17.886827854866226,24.45407450767842,0.0,24.24726853991522,21.3675948262048,49.89344388674337
2020-02-01,30.908939418207208,18.176192673902637,21.23078452475993,19.58996065945277,20.233764550435076,4.538722739191005,21.00443839137664,11.723095720517836,13.759273277256487,79.09685404137511,23.91550224535296,22.397464272366108,37.84455041872073,12.292478671469404,112.5556140525359,43.11276082405245,124.91606580516435,8.994146208577465,9.339859568381033,8.929098002789537,17.426367413636946,10.297231938697328,0.0,16.75188238149216,12.029240031356238,24.036357374610393
2020-03-01,9.5806920775327,3.5933306956218387,8.630698650274768,7.630400519954064,8.0137003733219,2.2034249155450225,3.8820264726130063,3.1541279994984888,0.5780029152610471,26.783494551356036,6.93929839486792,0.8953033268101761,8.92850255458486,2.0464076825076374,42.40297285260293,11.31498048472801,33.29385468852475,2.9005161163629443,3.4712099526611753,3.2937420932900534,5.4288869537719435,3.84547018131396,0.0,6.5440394419560395,5.1697345398705,7.4575639084208465
2020-04-01,1.4672352596803877,0.701967454166004,3.031723953906319,2.6997213037230163,2.6695008173152734,0.1295263441012429,1.4990232059929394,1.0500387724197933,0.0,6.287979431858573,0.0,0.0,2.098654042785383,0.0,14.87383079446083,4.493717182330396,4.186655565115523,0.11597830969583385,1.196082352031273,0.5309204669794976,0.45205277179447206,0.9041201980619671,0.0,1.9531862626350671,2.695878863627387,1.9409817952914197
2020-05-01,7.212037999393068,2.889795914625792,7.228023354649241,13.831078766149345,2.6684790381338668,0.25894043231208896,4.3194310658125055,1.0491658392399514,0.11551936369661965,15.148410816868246,0.7701371938389024,0.8939257015851305,1.5724652079997723,1.0216044213699549,9.68013905996167,1.6328676003154932,3.717142509279896,0.8114791710544191,1.7933987542862888,0.7428670918476208,1.1295752608957093,1.2425884253582797,0.0,15.703701163229427,7.636001038099343,5.053531408492114
2020-06-01,13.076929378787595,8.420051890005059,23.23434994766266,39.0485155610005,5.905928052139451,1.682127595339431,3.0842053630046853,3.144763245127323,0.0,11.919518806541166,8.46482183270242,5.358210685651417,2.6186402480375675,1.0204081632653061,14.856824909248516,4.34952170623466,2.78566516341491,3.7085527344139306,3.3460590937361765,2.4396956749388536,5.418835573221953,3.725511589174729,0.0,42.92816562499642,13.919241329970344,11.553848761655182
2020-07-01,10.015294309714863,3.5891927285851595,9.398803195901447,31.06877494188694,3.617274304619242,1.5516747281273466,1.9368622329992888,2.693064519563096,0.6924112986347799,5.6342067270691345,4.609605120313812,4.4603151625605015,3.13946987399114,0.0,10.525725656998171,1.764098382821532,3.0131479338199414,2.43223444033218,1.9105058333078104,1.271728477955302,0.9025926645737202,1.5793004118479572,0.0,19.245140995388027,7.965582944506301,6.917408673182696
2020-08-01,9.397237424922661,7.956919996091441,6.831485170506645,26.460702521805096,3.6144960019384835,1.1629485274162574,4.751696678831732,2.541270893405065,1.9611171752085244,4.1825479716207,2.301919715860301,2.6730788008983497,1.0455456889143513,3.0612244897959187,6.891828212517803,3.3873625915092216,1.1566962618544314,3.934837517302854,4.174321326222542,0.8471008788817305,0.9017146974859382,0.9018803843862382,0.0,12.877547430830267,6.951699463093998,6.674680650594469
2020-09-01,9.186428924230485,6.633430958915152,6.439856073927544,21.927326658686482,3.421696988751744,1.0330674758025908,6.329424354465276,2.0906980242899147,2.1902249457090615,10.770631905360935,1.5306717517070223,0.8892028844279867,0.5216745036945989,1.0204081632653061,11.008733041456601,6.491912132514809,0.9238610851014017,1.8501535042315391,1.5484503080491123,1.4810028868946605,1.3510874246856865,0.9010914240048544,0.0,7.787864825899284,7.059378825372871,6.113355641565873
2020-10-01,4.589430805613845,0.9881482720135174,2.01613581570576,10.146292849551674,2.0896518653027156,0.12905233160438567,1.4054526760925166,1.1935955069902577,2.6497278283146564,6.426017618867761,1.5283160077564306,0.0,0.0,0.0,37.78242634865322,3.780928775857087,0.6912371769773838,1.7331249863470266,1.1896730802371613,0.7399470198558351,2.250079420563241,0.9003037238133319,0.0,3.97538123766513,3.2471613601177722,3.670139662824906
2020-11-01,2.394168842428472,2.0159820090581038,2.5572538160639304,6.8472451402668675,2.6573409544894937,0.0,1.4917479770030135,0.8942669137906103,1.9573014402588615,3.371651538102126,3.8130790582563803,0.0,1.0405382290894578,1.0204081632653061,47.326346732173036,1.887001911821741,0.6899159764346645,0.634956580039574,1.3070951445423524,0.42233580338328547,0.6743787679899145,1.911332816940605,0.0,3.8881814287363743,4.364223152258835,3.407825432345348
2020-12-01,5.148509770032215,2.8368018139320954,5.189182207140208,4.224390042113733,8.721043971901793,7.08321933659715,9.027812157591717,22.7691465000759,27.83276743269418,66.88341955489773,466.1752640472667,878.7844732855274,83.6383045015787,268.3673469387755,215.51762067351967,193.82463500006781,26.83762484855541,11.99301121556246,35.70787032061116,50.08045445447244,28.283698186962283,25.493239849610003,63.22136464897899,44.99921406652617,95.69790217185435,6.1378969413374795
2021-01-01,3.726774649850167,3.16360920768706,4.953963441265553,3.1481251048721406,1.8949325233357448,0.6436336468658237,1.401733509118851,2.379667026295624,2.4143025450320037,6.092031360582784,6.836345701796923,2.652531077657223,2.0759499417436036,2.0408163265306123,157.94566329399944,4.833758401561906,2.978017216310173,2.8814573664552476,4.86031203769172,0.948272441661233,0.4487475234622824,1.3471628066705086,0.9936829139629759,3.0376277066468163,2.2352223117654297,7.039015740781834
2021-02-01,7.771047290464535,4.927072689798944,4.951214052043582,3.1453243370074353,0.946674978764489,0.12862892142006327,1.3129251165481368,4.160729846883317,3.7912999992524186,3.0442668575474707,4.551595618244984,3.533013787533158,5.702631934967948,1.0204081632653061,168.655438337725,6.031815209348858,7.547316409683743,3.109445338950465,3.7890909794041647,0.9474534677223334,1.3450368345694887,0.11214585720913513,1.7874060289550036,3.7103995247415593,3.462190850496588,8.148104050693005
2021-03-01,18.36039102810847,9.232001575092143,11.906450634876276,4.612646271192313,2.270920569757319,1.1568834566948194,3.147941496511638,6.530849981971517,4.24813367864771,3.5231134056679263,2.2688658697896673,7.054974613421902,3.6254510199439185,0.0,79.9401002071249,10.437216480395156,6.39369552910082,11.219483966050712,6.504557369798953,2.944848410248066,2.6874740911545993,1.0086185885510754,3.770748619353385,8.173591082772484,7.812820525010732,9.689173989747935
2021-04-01,14.586163503257058,5.98644232708763,8.963116209300981,4.8086184762226125,1.5121748097015666,1.0275232398747491,2.4463397939108527,5.338237607490662,5.621827330269646,1.75997196687901,0.7551932467102541,2.6405905353661785,2.5858650664020972,0.0,39.130382868156104,8.814658983576413,3.6443918261242114,6.89882433386908,5.197819772544376,2.9420974235191055,1.7896475835915684,2.5749124061293625,2.578441132401665,4.4622529681289125,8.588383402245237,6.884468144264059
2021-05-01,7.91388919746319,2.2537614011835707,4.865451680885922,2.4689873235015316,1.1337115299415497,0.5133632754229093,1.3970857788672308,2.666877261848569,1.719978909133388,1.5992183956326171,0.7542101456762061,0.0,1.5492143480959975,2.0408163265306123,15.461579528751285,5.33382548934344,0.6824911558036296,2.8149738304170087,1.2982196139445303,3.149373378779015,2.459164836855744,0.7832017946050124,0.9912649247184513,2.8607504821434415,4.23616607889455,3.3673286150664272
2021-06-01,29.767918712123823,10.76800840407104,12.58004191962787,4.931404525872616,4.529580174819236,0.38480145786967446,3.7496826490772297,9.026615294365898,15.237835559000903,1.597968632278909,0.7532296008914936,0.8775304130403424,1.5467631282895176,0.0,9.50026257781721,2.927929801448377,0.6810058145429134,8.206064644397657,4.360090469572607,2.4114878751095676,2.0095635854475944,5.699882241901758,3.7633004822799414,3.614297090468229,4.232632225437509,8.853743012130224
2021-07-01,18.95204874870622,10.070058137968536,18.444116489703074,6.329496030674969,9.622641509433961,0.6409378441103637,3.923278116826504,6.802438488211502,8.132460324534328,0.6387805430427678,0.7514772189166374,2.6304622282509134,1.0307386018666251,0.0,3.389830508474576,1.0637154666847417,0.0,7.802849075068699,3.6511481574877354,1.8865179623429418,1.3391601429048643,4.02144776281005,4.157152991526127,5.293512369598792,6.347438752783964,5.515255860806256
2021-08-01,10.16241299689333,5.1995431318275775,7.178652360379793,5.064135943490914,6.226415094339623,0.2562900785869701,2.5283347863993026,2.5125587319849902,3.6650445808112138,0.47897538904598636,0.750179837632309,0.8761822459071487,0.0,0.0,1.5254237288135593,0.7976204968149432,0.4531684545093365,4.532691706073689,2.1198741708286053,1.571752893964235,1.7852953119970605,2.121753727500055,2.1761014062273754,2.856313699869633,2.89532293986637,0.4422581469263324
2021-09-01,7.904585570385149,6.183147517412986,8.030194786026845,2.4657533997650565,3.018867924528302,0.38431705677079264,4.707933740191804,2.9538004230120594,3.2065285188713903,0.15957051486628865,0.7497483721216852,0.0,0.0,0.0,0.847457627118644,0.79738332284844,1.3585903259176124,3.5001577848281666,0.8243025696157064,1.0475321336676051,0.8924423588208235,2.7904219366308074,1.9765479176649385,1.2598266507818179,1.1135857461024499,0.3925715769191767
2021-10-01,14.318046342496956,11.794468060256388,10.812352619331852,5.931727806471506,4.716981132075472,0.3841943538827936,4.882301656495205,4.871098049797762,5.152947286188081,0.31899459894076315,0.0,2.624577600129171,1.5440222836427817,1.0170530539456086,3.2203389830508473,2.5246148340694914,1.1315345390377884,8.148284776780818,2.1194140924675113,0.7330579012699411,1.1152952512265382,11.604779169070188,2.5684607733903992,3.4427711951751383,3.78619153674833,4.647255579824332
2021-11-01,16.134343567492678,11.837628625619773,17.613706998776898,11.798227495881704,9.245283018867923,1.5362303191607762,8.369659982563208,5.457686337624909,8.358221058188818,5.1022310473659225,2.98889405289915,34.087100060386035,5.1439822095881365,1.016656453679461,6.271186440677966,4.2508376497648905,14.021246791685517,17.387689431107308,8.9475029878507,2.1985618451024247,2.6762964546345387,26.323721277922118,4.146000010889692,6.380408806897333,9.57683741648107,1.7504566900723135
2021-12-01,6.2120231817215394,6.267622016701775,11.822099166827709,17.53262871712391,4.339622641509433,2.943359046197884,13.426329555361812,12.825103571076115,12.249967665479405,41.75880675874136,20.903216587912965,102.22263922772414,6.170708931675394,0.0,17.45762711864407,6.906374481731005,22.60302681932792,7.632528771297438,35.316018718321864,4.291286134773688,6.466428890455526,31.219281182832304,9.074884615060956,13.933038102921838,18.04008908685969,0.3202848209463551
2022-01-01,5.1635293496307035,5.121157534765026,18.3181845640783,13.800928532987038,10.377358490566039,3.1983674956121417,26.068003487358325,15.323333769904613,10.531772423417875,32.66247037136142,17.8987395998969,96.03427658931673,10.794001100398983,12.176927265000655,17.966101694915256,8.631190710834822,24.851636277048257,3.5581912608189445,23.54184665361661,6.173931054340704,5.796553984510974,27.976889635887204,7.295083893745442,20.476311006369123,21.826280623608017,0.28417419370942143
2022-02-01,1.9364510809409092,9.588058353166529,12.446621028871892,7.401135888668051,7.924528301886792,1.4069220713577082,15.344376634699216,8.54115971095125,8.584984272911726,35.35857570221961,5.960278905112932,21.814237227572185,6.1655406303444815,5.069838964630129,14.406779661016948,8.762060442992812,24.16050267168458,11.995091901154902,26.12925046423288,3.7662921347441873,1.1145705237947743,5.79409165925508,4.335425517115866,12.585616713501853,8.46325167037862,1.2403320944611607
2022-03-01,10.731806701375135,11.515563403906658,18.713601781396804,7.46867878567922,5.283018867924528,2.0457486914310157,17.87271142109852,7.210717731808684,8.698627577385476,52.05890471592007,10.414545687856588,5.2310170868674195,4.108842188758723,5.06609554457513,22.88135593220339,14.73298895970774,31.141859864262628,8.035383995845418,16.123319261347433,3.6605822382846833,2.0057829570762666,6.014338333411856,5.710780433185168,16.273469478936857,10.579064587973274,1.298836817035027
2022-04-01,2.5419469461202104,11.845191071809936,20.498115457772236,9.003543929699477,5.660377358490566,1.1502852680736628,11.508282476024412,12.05882972420575,10.757581737065026,41.69628670378497,6.685995354713056,4.355151414350056,1.0267806908968156,8.097531406286787,27.28813559322034,17.781437012737698,54.57888710099112,4.936250987335958,9.531727355179418,2.0911887302970817,1.5597243186466452,3.5628086387497313,6.297162362135703,14.424800734995053,12.917594654788418,1.3618364010316177
2022-05-01,4.277259586954775,13.117583005991742,28.859345601439234,15.274141995583708,20.37735849056604,1.7888680673467476,16.564952048823017,18.665960251637454,22.657393981251943,34.20431129659019,11.1316250371802,10.443698448090814,0.5132387474162295,3.03340912917794,44.7457627118644,19.10431277739928,44.86126892340892,11.193328570847115,16.590580241143094,3.6585065746353918,1.3366236972298697,7.122347594445259,8.652301376133561,25.070033844675486,24.832962138084632,0.9469071103736435
2022-06-01,7.6672918256777765,5.1246506029496715,9.363856728716236,4.7362942135913135,35.660377358490564,4.215060867445084,4.272013949433305,27.757750723583335,27.918658874731776,35.77623273032285,9.633359739693535,9.568429882370562,4.103436184504,6.062703434096393,20.16949152542373,19.100121243206534,10.36307963801309,14.752892223277222,15.882988894688165,3.0305561383189,2.6727906271954085,15.463994730182234,13.95209719812609,18.69382645995344,20.93541202672606,0.2975625675716697
2022-07-01,7.385208848238019,5.166375364232743,5.883117239889324,6.2044799524509715,23.39622641509434,4.469246022274734,4.620749782040105,45.653808856371995,31.9207123862236,30.67778243551267,4.442070940125619,3.4772669180004914,2.5635191024926303,3.0287105918174486,13.559322033898304,16.045765965652674,4.728679369179836,10.964656743464477,9.764123850328495,4.074463471752065,5.344706102360685,13.679127665735555,11.391268355047421,12.320875192000527,13.251670378619155,0.30655401259007675
2022-08-01,7.8700210873699294,8.653062212004949,25.31899253590667,7.940039405247789,23.0188679245283,3.701830516720764,19.87794245858762,28.1663777457982,26.884071685450536,29.711308509261276,6.653135220882411,2.606212067118886,2.0499284226180436,2.016992489678448,8.305084745762713,20.550084435618636,2.7006738223030284,13.491158724179705,12.351001120214187,3.655918436943309,3.7851345528397853,10.450397567231931,9.421313719114261,13.826246409377626,26.61469933184855,1.1539659520903032
2022-09-01,9.807993211393182,7.2595951003066395,9.603941008060282,13.413092968094269,14.528301886792452,0.8932660754845713,10.636442894507411,9.676742337990147,10.180612643089141,21.28085442358841,5.167357771587461,1.735450741726892,0.0,1.007814009995306,4.067796610169491,9.41101961105328,2.0240129830910787,3.8466246453224375,9.291664491462909,0.9397456662512595,1.7808176369539572,5.333981534212644,4.118760883313776,5.110321578651531,11.915367483296215,3.2136144293336653
2022-10-01,4.843825697471531,10.214061397870747,12.472390157557218,16.88462074290446,23.962264150943394,1.5309118417539165,10.28770706190061,7.473234955941461,10.6372149700294,36.8325547423722,5.89979494016758,10.408663051791798,3.584556284071121,1.0074245811597802,9.152542372881356,16.16789190021647,5.619566393051844,5.396990943111143,17.876235124937722,1.3571295832610875,1.3354350737556575,10.886857905680536,7.644598155058516,7.957366485797191,14.142538975501113,1.2529151210292129
2022-11-01,9.163465878678956,11.733280374320303,14.180943680742839,23.427125859504674,29.81132075471698,1.785455369572626,13.077593722755012,10.836642071836918,13.83840476556104,49.832086565135334,3.6820339281387655,42.467776758209205,2.559190974466763,3.0183860673726866,11.694915254237287,26.365276143647417,6.290005200324073,7.464303454622295,28.222570862007277,2.4005425726859864,1.5576418996387171,29.65010099335083,6.268654814215087,7.70439906215434,16.146993318485524,1.5997852019313694
2022-12-01,3.512218218565165,4.021043235764985,15.65762347266978,17.08858361723764,17.735849056603772,1.7848099147306329,10.02615518744551,8.049069174204181,11.321184460918236,8.883417725137019,11.033220704066965,25.116186863431246,1.023204333637168,6.031341214646579,9.152542372881356,9.80216859576646,15.94049438027907,12.058341292921376,16.108717663049095,1.9824129288645191,4.894581971829616,19.537356536073695,4.697865497098957,10.38182910817537,18.485523385300667,0.6083227359634277
